"category","over_represented_pvalue","under_represented_pvalue","numDEInCat","numInCat","term","ontology"
"GO:0005515",3.40350592810614e-23,1,3615,12272,"protein binding","MF"
"GO:0005829",9.29259989122579e-14,1,1581,5076,"cytosol","CC"
"GO:0005654",7.01396554156749e-13,1,1203,3779,"nucleoplasm","CC"
"GO:0005737",2.25548643757388e-08,1,1436,4751,"cytoplasm","CC"
"GO:0045944",9.50683392690022e-08,1,374,1086,"positive regulation of transcription by RNA polymerase II","BP"
"GO:0048471",1.20482465799127e-07,1,244,676,"perinuclear region of cytoplasm","CC"
"GO:0031267",2.10282205614542e-07,1,115,278,"small GTPase binding","MF"
"GO:0000122",3.9767484562441e-07,1,294,841,"negative regulation of transcription by RNA polymerase II","BP"
"GO:0016020",3.56081548132406e-06,0.999997255550245,904,2935,"membrane","CC"
"GO:0001227",4.53359253495417e-06,0.999997933731063,101,247,"DNA-binding transcription repressor activity, RNA polymerase II-specific","MF"
"GO:0071222",4.73582663762416e-06,0.99999785091286,68,153,"cellular response to lipopolysaccharide","BP"
"GO:0043123",5.74238384830755e-06,0.999997253533311,87,209,"positive regulation of canonical NF-kappaB signal transduction","BP"
"GO:0002224",1.17385502509172e-05,0.999998179379929,18,26,"toll-like receptor signaling pathway","BP"
"GO:0016180",1.22732436443569e-05,0.999999031589288,13,16,"snRNA processing","BP"
"GO:0004674",1.77994826438644e-05,0.999989698201584,124,323,"protein serine/threonine kinase activity","MF"
"GO:0032991",1.81249963682606e-05,0.999988074530651,210,600,"protein-containing complex","CC"
"GO:0016607",2.03880397141573e-05,0.999987654648607,147,400,"nuclear speck","CC"
"GO:0007254",2.49307165665271e-05,0.999991082346302,38,76,"JNK cascade","BP"
"GO:0007165",2.51290775837636e-05,0.999981662020145,339,1023,"signal transduction","BP"
"GO:0031663",2.6319115356809e-05,0.999994095544674,22,36,"lipopolysaccharide-mediated signaling pathway","BP"
"GO:0005813",3.39608056908556e-05,0.999976977349946,211,606,"centrosome","CC"
"GO:0031625",4.1962062087454e-05,0.999975696132074,108,283,"ubiquitin protein ligase binding","MF"
"GO:0010506",4.63377759952957e-05,0.999983943570985,34,67,"regulation of autophagy","BP"
"GO:0005085",4.86753155024519e-05,0.999973199775725,90,226,"guanyl-nucleotide exchange factor activity","MF"
"GO:0106310",5.20347092612628e-05,0.999968017838547,130,348,"protein serine kinase activity","MF"
"GO:0001782",6.4201487634146e-05,0.999988216746236,17,26,"B cell homeostasis","BP"
"GO:0005634",6.75678190782334e-05,0.999941968623277,1511,5143,"nucleus","CC"
"GO:0004672",9.33907275166566e-05,0.999949297541329,78,194,"protein kinase activity","MF"
"GO:0032039",0.00010090292534382,0.999986851743648,13,18,"integrator complex","CC"
"GO:0006914",0.00015067196951456,0.999925191057669,58,138,"autophagy","BP"
"GO:0006974",0.000157951589020036,0.99990300320932,110,296,"DNA damage response","BP"
"GO:0006955",0.000178153621065493,0.999890590826618,109,295,"immune response","BP"
"GO:0008360",0.000194191815718418,0.999905988985778,53,124,"regulation of cell shape","BP"
"GO:0032727",0.000205795603458854,0.999961880367558,15,23,"positive regulation of interferon-alpha production","BP"
"GO:0034243",0.000209843147889375,0.999964291997251,14,21,"regulation of transcription elongation by RNA polymerase II","BP"
"GO:0030593",0.000270209572041955,0.999911892718458,25,49,"neutrophil chemotaxis","BP"
"GO:0001222",0.000273746573128123,0.99991144641844,25,48,"transcription corepressor binding","MF"
"GO:0042771",0.000283637518998961,0.999927294643842,19,33,"intrinsic apoptotic signaling pathway in response to DNA damage by p53 class mediator","BP"
"GO:0005096",0.000286889150413744,0.999826564564191,96,255,"GTPase activator activity","MF"
"GO:0032760",0.000287005876635686,0.999870347885004,43,98,"positive regulation of tumor necrosis factor production","BP"
"GO:0016236",0.000298250849044184,0.999882680340164,33,70,"macroautophagy","BP"
"GO:0031334",0.000305640052959867,0.999897001443212,26,51,"positive regulation of protein-containing complex assembly","BP"
"GO:0005164",0.000305910427861075,0.999924531846637,18,31,"tumor necrosis factor receptor binding","MF"
"GO:0051607",0.000339218586619083,0.999804709170016,79,205,"defense response to virus","BP"
"GO:0003700",0.000358104234377671,0.999756446837665,152,433,"DNA-binding transcription factor activity","MF"
"GO:0032743",0.000384380398095185,0.999896756777009,19,34,"positive regulation of interleukin-2 production","BP"
"GO:0034976",0.000418499382809313,0.999810875700875,41,93,"response to endoplasmic reticulum stress","BP"
"GO:0090575",0.000456905236733465,0.999777188128957,48,113,"RNA polymerase II transcription regulator complex","CC"
"GO:0050853",0.000458004829942036,0.999863500739775,21,39,"B cell receptor signaling pathway","BP"
"GO:0043273",0.000464135541246146,1,6,6,"CTPase activity","MF"
"GO:0140313",0.000552106931161973,0.999919379940291,11,16,"molecular sequestering activity","MF"
"GO:0032964",0.000595925851837959,0.999938892527613,9,12,"collagen biosynthetic process","BP"
"GO:0036503",0.000605545095202459,0.999722203879863,40,92,"ERAD pathway","BP"
"GO:0043231",0.00069926008456307,0.999467767702352,265,816,"intracellular membrane-bounded organelle","CC"
"GO:0005694",0.000737846974050028,0.99956194551137,78,206,"chromosome","CC"
"GO:0006338",0.000773663148520451,0.999406562314901,277,851,"chromatin remodeling","BP"
"GO:0042802",0.000780038421250292,0.999361207457006,493,1597,"identical protein binding","MF"
"GO:0043130",0.000793360816615305,0.999624819497662,41,96,"ubiquitin binding","MF"
"GO:0005095",0.000843135222505767,0.999908538396307,9,12,"GTPase inhibitor activity","MF"
"GO:0017111",0.000866572777747994,0.999929979144486,8,10,"ribonucleoside triphosphate phosphatase activity","MF"
"GO:0120103",0.000936664343231825,0.999923251629391,8,10,"centriolar subdistal appendage","CC"
"GO:0000425",0.000951135667971912,0.999894758455991,9,12,"pexophagy","BP"
"GO:0098794",0.00101967896063837,0.999412316458685,67,174,"postsynapse","CC"
"GO:0005594",0.00102957480032485,1,5,5,"collagen type IX trimer","CC"
"GO:0003712",0.00108559168903916,0.999445688313591,47,114,"transcription coregulator activity","MF"
"GO:0005819",0.00110464806620054,0.999416519234755,51,127,"spindle","CC"
"GO:0000139",0.00114547160982496,0.999142259704388,218,662,"Golgi membrane","CC"
"GO:0097431",0.00124906896458535,0.999594633608786,20,39,"mitotic spindle pole","CC"
"GO:0006468",0.00126160681746353,0.999190027870463,96,265,"protein phosphorylation","BP"
"GO:0003714",0.00127346407792988,0.999241433611892,72,191,"transcription corepressor activity","MF"
"GO:0045892",0.00127847729753085,0.999076325817106,171,506,"negative regulation of DNA-templated transcription","BP"
"GO:0042826",0.00128766914440847,0.999334974564988,47,115,"histone deacetylase binding","MF"
"GO:0001772",0.00131387781557558,0.999526843436702,23,47,"immunological synapse","CC"
"GO:0045893",0.00133150724890149,0.999001854866523,214,649,"positive regulation of DNA-templated transcription","BP"
"GO:0000785",0.00137874774966775,0.998916977445548,302,943,"chromatin","CC"
"GO:0015671",0.0013806728981084,0.999889661754628,7,9,"oxygen transport","BP"
"GO:0034142",0.00143577898812195,0.999605801187146,16,29,"toll-like receptor 4 signaling pathway","BP"
"GO:0032728",0.0014615558197781,0.999518407090886,20,39,"positive regulation of interferon-beta production","BP"
"GO:0060337",0.00149375196249305,0.99954456305114,18,34,"type I interferon-mediated signaling pathway","BP"
"GO:0035556",0.00154337301655757,0.998923586819413,136,394,"intracellular signal transduction","BP"
"GO:0030020",0.00154407536596914,0.999468149849998,21,42,"extracellular matrix structural constituent conferring tensile strength","MF"
"GO:0016740",0.00155072145419813,0.999570540524431,16,29,"transferase activity","MF"
"GO:0006325",0.00157426093040039,0.9990786904071,65,173,"chromatin organization","BP"
"GO:0140206",0.00165806570161366,1,5,5,"dipeptide import across plasma membrane","BP"
"GO:0006915",0.00166636928482606,0.998784478024845,172,517,"apoptotic process","BP"
"GO:0019903",0.00172389530017196,0.999186889291649,36,84,"protein phosphatase binding","MF"
"GO:0009898",0.00173423378210914,0.999108697721908,44,108,"cytoplasmic side of plasma membrane","CC"
"GO:0043065",0.00174773729980632,0.998846129221912,102,287,"positive regulation of apoptotic process","BP"
"GO:0005814",0.00183472134110542,0.998944885568038,60,157,"centriole","CC"
"GO:0001944",0.00185060425280564,0.999694885868956,10,15,"vasculature development","BP"
"GO:0004707",0.00202212923335144,0.99971006809429,9,13,"MAP kinase activity","MF"
"GO:0005794",0.00205417948581837,0.998368586858475,307,971,"Golgi apparatus","CC"
"GO:0042100",0.00214926998544683,0.999411322265921,15,27,"B cell proliferation","BP"
"GO:0045296",0.0021684503556604,0.998534496402036,109,312,"cadherin binding","MF"
"GO:0051028",0.00220388909445446,0.999075948604379,27,60,"mRNA transport","BP"
"GO:0021702",0.00224556465578934,0.999732762516283,8,11,"cerebellar Purkinje cell differentiation","BP"
"GO:1903896",0.00225806046913482,0.999884666996621,6,7,"positive regulation of IRE1-mediated unfolded protein response","BP"
"GO:0150052",0.00243974877628139,0.999114079586681,21,43,"regulation of postsynapse assembly","BP"
"GO:0017038",0.00253519228508763,0.999771016648463,7,9,"protein import","BP"
"GO:2000394",0.00255363269965296,0.999865819026209,6,7,"positive regulation of lamellipodium morphogenesis","BP"
"GO:0032886",0.00265568604413968,0.999757830937672,7,9,"regulation of microtubule-based process","BP"
"GO:0033625",0.00266337399187158,0.999756985150661,7,9,"positive regulation of integrin activation","BP"
"GO:0051726",0.00278166685918965,0.998246416764245,77,212,"regulation of cell cycle","BP"
"GO:0031593",0.00287401474031344,0.999036603887845,18,36,"polyubiquitin modification-dependent protein binding","MF"
"GO:1990830",0.0029660745264781,0.998506318186901,38,92,"cellular response to leukemia inhibitory factor","BP"
"GO:0016604",0.00303277431353297,0.997899985825951,115,335,"nuclear body","CC"
"GO:0005518",0.00309943405458945,0.998611788069108,29,66,"collagen binding","MF"
"GO:0060716",0.00310482834944864,0.99934147725476,11,18,"labyrinthine layer blood vessel development","BP"
"GO:0071539",0.00330926772492605,0.99914503671217,13,23,"protein localization to centrosome","BP"
"GO:0032496",0.00339789521999728,0.99812776802468,47,120,"response to lipopolysaccharide","BP"
"GO:1990226",0.00366204271460736,0.999280348755831,10,16,"histone methyltransferase binding","MF"
"GO:0014044",0.00369304583962352,0.999358281727804,9,14,"Schwann cell development","BP"
"GO:0002407",0.00370383032073197,0.999270799834978,10,16,"dendritic cell chemotaxis","BP"
"GO:0002456",0.00371768885054652,0.999267628903683,10,16,"T cell mediated immunity","BP"
"GO:1990837",0.00381679379993386,0.997186222132186,157,470,"sequence-specific double-stranded DNA binding","MF"
"GO:0005524",0.00389462325462195,0.996759635487349,428,1392,"ATP binding","MF"
"GO:0098978",0.00390426236100656,0.997065524153346,177,538,"glutamatergic synapse","CC"
"GO:0050852",0.00395930770372099,0.99788282484526,42,105,"T cell receptor signaling pathway","BP"
"GO:0005344",0.00399412961124822,0.999644456968508,6,8,"oxygen carrier activity","MF"
"GO:0042101",0.00399415653125815,0.999296444646025,9,14,"T cell receptor complex","CC"
"GO:1902494",0.00408659172990129,0.99905833445562,11,19,"catalytic complex","CC"
"GO:0005968",0.00410748397678875,1,4,4,"Rab-protein geranylgeranyltransferase complex","CC"
"GO:0010269",0.00413885246769711,0.999492461638061,7,10,"response to selenium ion","BP"
"GO:0140658",0.00414530917167126,0.999168811693418,10,16,"ATP-dependent chromatin remodeler activity","MF"
"GO:0006368",0.00415694188382162,0.998596484398504,17,34,"transcription elongation by RNA polymerase II","BP"
"GO:0071347",0.00424617693347765,0.9982621538881,23,50,"cellular response to interleukin-1","BP"
"GO:0038095",0.00434950638968049,0.998907902118701,12,21,"Fc-epsilon receptor signaling pathway","BP"
"GO:0090543",0.00458625843405627,0.998433957215578,17,34,"Flemming body","CC"
"GO:0032436",0.00463439886570375,0.997772385929031,31,74,"positive regulation of proteasomal ubiquitin-dependent protein catabolic process","BP"
"GO:0006659",0.00464117867231666,1,4,4,"phosphatidylserine biosynthetic process","BP"
"GO:0016242",0.00470473533441217,0.99914714736579,9,14,"negative regulation of macroautophagy","BP"
"GO:0043066",0.00470768267598142,0.996569997086968,139,418,"negative regulation of apoptotic process","BP"
"GO:0032021",0.00471902694416655,1,4,4,"NELF complex","CC"
"GO:0042113",0.00472083989409972,0.998382612159404,17,34,"B cell activation","BP"
"GO:0005765",0.00479928483453868,0.996573940647172,123,365,"lysosomal membrane","CC"
"GO:0050684",0.00484579317827732,0.998854000120851,11,19,"regulation of mRNA processing","BP"
"GO:1904813",0.00496127893973919,0.997206825701105,46,121,"ficolin-1-rich granule lumen","CC"
"GO:1990841",0.00496959616745947,0.997708223608609,28,65,"promoter-specific chromatin binding","MF"
"GO:0046854",0.00503297628618208,0.998243049167509,17,35,"phosphatidylinositol phosphate biosynthetic process","BP"
"GO:0045059",0.00510062921358424,0.999195947622786,8,12,"positive thymic T cell selection","BP"
"GO:0070164",0.00523804963272104,1,4,4,"negative regulation of adiponectin secretion","BP"
"GO:0034498",0.00529550860971253,0.999159191279214,8,12,"early endosome to Golgi transport","BP"
"GO:0051168",0.00534225443163504,0.999150332844112,8,12,"nuclear export","BP"
"GO:0031274",0.00543493682380164,0.999132722352787,8,12,"positive regulation of pseudopodium assembly","BP"
"GO:1903898",0.00546285025558961,0.999127406400383,8,12,"negative regulation of PERK-mediated unfolded protein response","BP"
"GO:1900045",0.00564187434955805,1,4,4,"negative regulation of protein K63-linked ubiquitination","BP"
"GO:0045622",0.00571958585273323,1,4,4,"regulation of T-helper cell differentiation","BP"
"GO:0018344",0.00572045219251772,0.999681686104169,5,6,"protein geranylgeranylation","BP"
"GO:0016480",0.00573684952033996,1,4,4,"negative regulation of transcription by RNA polymerase III","BP"
"GO:0043122",0.00573788459634694,0.998058282060939,16,32,"regulation of canonical NF-kappaB signal transduction","BP"
"GO:0048839",0.00575947183318737,0.997813170579162,19,40,"inner ear development","BP"
"GO:0005826",0.0057896080354667,1,4,4,"actomyosin contractile ring","CC"
"GO:0009313",0.00590973119362428,0.999219114021908,7,10,"oligosaccharide catabolic process","BP"
"GO:0140857",0.00592241659676774,0.996050506722019,84,236,"histone H3T45 kinase activity","MF"
"GO:0015333",0.00592573500492756,1,4,4,"peptide:proton symporter activity","MF"
"GO:0071916",0.00592573500492756,1,4,4,"dipeptide transmembrane transporter activity","MF"
"GO:2000973",0.00593798199560566,1,4,4,"regulation of pro-B cell differentiation","BP"
"GO:0010629",0.00596261925839887,0.996050224811966,81,229,"negative regulation of gene expression","BP"
"GO:0051403",0.00596413346534213,0.99828762450672,13,24,"stress-activated MAPK cascade","BP"
"GO:0004694",0.00604438391159155,0.995975563899427,83,233,"eukaryotic translation initiation factor 2alpha kinase activity","MF"
"GO:0033119",0.00606379375293643,0.999657200700566,5,6,"negative regulation of RNA splicing","BP"
"GO:0039530",0.00607153959045655,1,4,4,"MDA-5 signaling pathway","BP"
"GO:0001865",0.00608837932678781,1,4,4,"NK T cell differentiation","BP"
"GO:0000018",0.00610359807015043,1,4,4,"regulation of DNA recombination","BP"
"GO:0097193",0.00613195656616963,0.997559630391116,20,44,"intrinsic apoptotic signaling pathway","BP"
"GO:0045604",0.00613528586962242,1,4,4,"regulation of epidermal cell differentiation","BP"
"GO:0004534",0.00614436491555134,1,4,4,"5'-3' RNA exonuclease activity","MF"
"GO:0060369",0.00614880991421825,1,4,4,"positive regulation of Fc receptor mediated stimulatory signaling pathway","BP"
"GO:0071596",0.00617570713583336,1,4,4,"ubiquitin-dependent protein catabolic process via the N-end rule pathway","BP"
"GO:0005938",0.00618684506085687,0.996223099456492,58,156,"cell cortex","CC"
"GO:0070062",0.00622683662043916,0.994654770615605,567,1918,"extracellular exosome","CC"
"GO:2000060",0.00634967574187359,0.99802623611199,14,27,"positive regulation of ubiquitin-dependent protein catabolic process","BP"
"GO:0043407",0.00638497128228449,0.998371282913241,11,20,"negative regulation of MAP kinase activity","BP"
"GO:0071356",0.00641892228818338,0.996593457915322,37,93,"cellular response to tumor necrosis factor","BP"
"GO:2001234",0.00642825292132599,0.997998531109914,14,27,"negative regulation of apoptotic signaling pathway","BP"
"GO:0043403",0.00644284972587553,0.998539476905481,10,17,"skeletal muscle tissue regeneration","BP"
"GO:0072686",0.00646985917565802,0.99627447047749,47,123,"mitotic spindle","CC"
"GO:0032968",0.00650185116853227,0.997264530619869,22,49,"positive regulation of transcription elongation by RNA polymerase II","BP"
"GO:0005149",0.00656796048165071,0.999620519245466,5,6,"interleukin-1 receptor binding","MF"
"GO:0035402",0.0066692287071236,0.995526080012683,84,237,"histone H3T11 kinase activity","MF"
"GO:0035403",0.00670502765859766,0.995500727291349,84,237,"histone H3T6 kinase activity","MF"
"GO:0070498",0.00671737165682117,0.998151231384201,12,22,"interleukin-1-mediated signaling pathway","BP"
"GO:0010804",0.00674688573643929,0.997987569969033,13,25,"negative regulation of tumor necrosis factor-mediated signaling pathway","BP"
"GO:0043161",0.00676128060302736,0.995345250142362,94,274,"proteasome-mediated ubiquitin-dependent protein catabolic process","BP"
"GO:0006511",0.00678811941832831,0.995578644942995,73,205,"ubiquitin-dependent protein catabolic process","BP"
"GO:0018105",0.00680205053006749,0.99666499974425,30,72,"peptidyl-serine phosphorylation","BP"
"GO:0031401",0.00683650467912502,0.999600640577203,5,6,"positive regulation of protein modification process","BP"
"GO:0071902",0.00683954133950501,0.997956035683793,13,25,"positive regulation of protein serine/threonine kinase activity","BP"
"GO:0006509",0.00683972904630487,0.99811251947918,12,22,"membrane protein ectodomain proteolysis","BP"
"GO:0051896",0.00693182010282458,0.9980833105125,12,22,"regulation of phosphatidylinositol 3-kinase/protein kinase B signal transduction","BP"
"GO:0070434",0.00718923053184116,0.999574183311341,5,6,"positive regulation of nucleotide-binding oligomerization domain containing 2 signaling pathway","BP"
"GO:0032025",0.00721958631038051,0.99957188831203,5,6,"response to cobalt ion","BP"
"GO:0035032",0.00726147586878398,0.999568716673513,5,6,"phosphatidylinositol 3-kinase complex, class III","CC"
"GO:0046641",0.00730309632342038,0.999565560090472,5,6,"positive regulation of alpha-beta T cell proliferation","BP"
"GO:0031333",0.00739743621153328,0.997386196136277,16,33,"negative regulation of protein-containing complex assembly","BP"
"GO:0042307",0.00744605947926725,0.997068079045729,19,41,"positive regulation of protein import into nucleus","BP"
"GO:0101005",0.00751285949375193,0.998252476899808,10,17,"deubiquitinase activity","MF"
"GO:0072197",0.00772441426085133,0.999533312037993,5,6,"ureter morphogenesis","BP"
"GO:0004676",0.00774120817967764,0.994781127210393,83,235,"3-phosphoinositide-dependent protein kinase activity","MF"
"GO:0004711",0.00774120817967764,0.994781127210393,83,235,"ribosomal protein S6 kinase activity","MF"
"GO:0035175",0.00774120817967764,0.994781127210393,83,235,"histone H3S10 kinase activity","MF"
"GO:0035979",0.00774120817967764,0.994781127210393,83,235,"histone H2AXS139 kinase activity","MF"
"GO:0044022",0.00774120817967764,0.994781127210393,83,235,"histone H3S28 kinase activity","MF"
"GO:0044023",0.00774120817967764,0.994781127210393,83,235,"histone H4S1 kinase activity","MF"
"GO:0044024",0.00774120817967764,0.994781127210393,83,235,"histone H2AS1 kinase activity","MF"
"GO:0044025",0.00774120817967764,0.994781127210393,83,235,"histone H2BS14 kinase activity","MF"
"GO:0072354",0.00774120817967764,0.994781127210393,83,235,"histone H3T3 kinase activity","MF"
"GO:0072371",0.00774120817967764,0.994781127210393,83,235,"histone H2AS121 kinase activity","MF"
"GO:0072518",0.00774120817967764,0.994781127210393,83,235,"Rho-dependent protein serine/threonine kinase activity","MF"
"GO:0140823",0.00774120817967764,0.994781127210393,83,235,"histone H2BS36 kinase activity","MF"
"GO:0140855",0.00774120817967764,0.994781127210393,83,235,"histone H3S57 kinase activity","MF"
"GO:1990244",0.00774120817967764,0.994781127210393,83,235,"histone H2AT120 kinase activity","MF"
"GO:0007266",0.00777237015115473,0.996513359913532,24,55,"Rho protein signal transduction","BP"
"GO:0045159",0.00777962780965148,0.999189494279284,6,8,"myosin II binding","MF"
"GO:0001763",0.00781773599285482,0.999184559366443,6,8,"morphogenesis of a branching structure","BP"
"GO:0060628",0.00787222042524721,0.99952187390676,5,6,"regulation of ER to Golgi vesicle-mediated transport","BP"
"GO:0034728",0.00791561973686763,0.9995185032807,5,6,"nucleosome organization","BP"
"GO:0035976",0.0079194986233046,0.999518201758688,5,6,"transcription factor AP-1 complex","CC"
"GO:0098591",0.00792479056193928,0.999517790323768,5,6,"external side of apical plasma membrane","CC"
"GO:0005225",0.00793354201644724,0.999517109741816,5,6,"volume-sensitive anion channel activity","MF"
"GO:2001243",0.00802194568032699,0.997879225277719,11,20,"negative regulation of intrinsic apoptotic signaling pathway","BP"
"GO:0042116",0.00841738486432374,0.998196469922777,9,15,"macrophage activation","BP"
"GO:0060324",0.00857604973313878,0.997708583170449,11,20,"face development","BP"
"GO:0004677",0.00865646077284694,0.99413049746132,83,236,"DNA-dependent protein kinase activity","MF"
"GO:0031647",0.00871714321492574,0.995044825408854,42,110,"regulation of protein stability","BP"
"GO:0050681",0.00884950349458691,0.997257116399058,13,25,"nuclear androgen receptor binding","MF"
"GO:0071260",0.00891804039446894,0.995513580062124,30,73,"cellular response to mechanical stimulus","BP"
"GO:0051146",0.00897025920867326,0.998055566746855,9,15,"striated muscle cell differentiation","BP"
"GO:0030316",0.00899226640157558,0.996271036590601,20,44,"osteoclast differentiation","BP"
"GO:0034260",0.00917511653056673,0.997521960195369,11,20,"negative regulation of GTPase activity","BP"
"GO:0043525",0.00917792586339295,0.995714265555287,25,59,"positive regulation of neuron apoptotic process","BP"
"GO:0015179",0.00927788444491686,0.997976417826531,9,15,"L-amino acid transmembrane transporter activity","MF"
"GO:0005667",0.00957141606264044,0.993797771486492,66,184,"transcription regulator complex","CC"
"GO:0045236",0.00975107224545137,0.998103474035501,8,13,"CXCR chemokine receptor binding","MF"
"GO:1901741",0.0100448669235442,0.998034763600033,8,13,"positive regulation of myoblast fusion","BP"
"GO:0004705",0.0102874584456028,0.997977702702131,8,13,"JUN kinase activity","MF"
"GO:0002726",0.0106323985364334,0.997896070927903,8,13,"positive regulation of T cell cytokine production","BP"
"GO:0010761",0.0107458043612492,0.997238877443083,10,18,"fibroblast migration","BP"
"GO:0042102",0.0109100946177222,0.994897400242787,24,57,"positive regulation of T cell proliferation","BP"
"GO:1902894",0.0109275606123443,0.996283851783211,14,28,"negative regulation of miRNA transcription","BP"
"GO:0004679",0.0110342452504179,0.992423294234814,83,238,"AMP-activated protein kinase activity","MF"
"GO:0000164",0.0110906868643567,0.997786731890215,8,13,"protein phosphatase type 1 complex","CC"
"GO:0070063",0.0111512103293302,0.997116372818952,10,18,"RNA polymerase binding","MF"
"GO:0070059",0.0113813825740636,0.995709650818591,16,34,"intrinsic apoptotic signaling pathway in response to endoplasmic reticulum stress","BP"
"GO:0051020",0.0114488992288423,0.995680940870919,16,34,"GTPase binding","MF"
"GO:0005833",0.0115804664932895,0.998828378722332,5,7,"hemoglobin complex","CC"
"GO:0036092",0.0117544351423526,0.99639699603031,12,23,"phosphatidylinositol-3-phosphate biosynthetic process","BP"
"GO:0016235",0.0118750643033099,0.995499186130767,16,34,"aggresome","CC"
"GO:0031665",0.0119672123953197,0.997924647911247,7,11,"negative regulation of lipopolysaccharide-mediated signaling pathway","BP"
"GO:0045724",0.0120937646306081,0.996492943450334,11,21,"positive regulation of cilium assembly","BP"
"GO:0030970",0.0121566524217735,0.997079059705465,9,16,"retrograde protein transport, ER to cytosol","BP"
"GO:0032729",0.0122011164592956,0.993743745690698,29,72,"positive regulation of type II interferon production","BP"
"GO:0034620",0.0123152964789104,0.997033814219181,9,16,"cellular response to unfolded protein","BP"
"GO:0043507",0.0123611782540922,0.995907236627439,13,26,"positive regulation of JUN kinase activity","BP"
"GO:0007586",0.0124510789057983,0.997301435300164,8,14,"digestion","BP"
"GO:0030121",0.0124882760290455,0.997813790723068,7,11,"AP-1 adaptor complex","CC"
"GO:0016308",0.0125449399488893,0.998220150558658,6,9,"1-phosphatidylinositol-4-phosphate 5-kinase activity","MF"
"GO:0010976",0.0126973473061358,0.992576268047026,42,111,"positive regulation of neuron projection development","BP"
"GO:0004706",0.0127221613549564,0.996633986703577,10,18,"JUN kinase kinase kinase activity","MF"
"GO:0046330",0.0129154017593898,0.9928005491969,36,93,"positive regulation of JNK cascade","BP"
"GO:0097192",0.0131487530524372,0.995347484541962,14,29,"extrinsic apoptotic signaling pathway in absence of ligand","BP"
"GO:0034472",0.0132222211276696,0.997655771221817,7,11,"snRNA 3'-end processing","BP"
"GO:0035641",0.013235342343621,0.996769142777875,9,16,"locomotory exploration behavior","BP"
"GO:0045723",0.0133712697241959,0.997623419739932,7,11,"positive regulation of fatty acid biosynthetic process","BP"
"GO:0044754",0.0135314792461649,0.997588549121874,7,11,"autolysosome","CC"
"GO:0008023",0.0136320995044324,0.995968729920732,11,21,"transcription elongation factor complex","CC"
"GO:0001569",0.013647287804418,0.995415082798396,13,26,"branching involved in blood vessel morphogenesis","BP"
"GO:1990748",0.013655105033402,0.997561573229293,7,11,"cellular detoxification","BP"
"GO:0045429",0.0137711163825313,0.994279881449529,18,40,"positive regulation of nitric oxide biosynthetic process","BP"
"GO:0045454",0.0138172799331749,0.994218367658749,18,41,"cell redox homeostasis","BP"
"GO:0030948",0.0139224955965387,0.997503026261312,7,11,"negative regulation of vascular endothelial growth factor receptor signaling pathway","BP"
"GO:0019901",0.0140683589304274,0.989254085373209,145,448,"protein kinase binding","MF"
"GO:0055064",0.0140924795429585,0.997465665630032,7,11,"chloride ion homeostasis","BP"
"GO:0001578",0.0141476399754822,0.994942169385413,14,29,"microtubule bundle formation","BP"
"GO:0050847",0.0142102755921859,0.997439711362494,7,11,"progesterone receptor signaling pathway","BP"
"GO:0061470",0.0143969133772954,0.997398482584905,7,11,"T follicular helper cell differentiation","BP"
"GO:0030183",0.0144129858764395,0.992707979620361,27,66,"B cell differentiation","BP"
"GO:0048711",0.0144182770317183,0.997393755012298,7,11,"positive regulation of astrocyte differentiation","BP"
"GO:1901987",0.0144593476261981,0.997875309822858,6,9,"regulation of cell cycle phase transition","BP"
"GO:0141198",0.0145198258620719,0.995946283446995,10,19,"protein branched polyubiquitination","BP"
"GO:0035666",0.0145368439999663,0.99736748649074,7,11,"TRIF-dependent toll-like receptor signaling pathway","BP"
"GO:0032183",0.0145373812940749,0.997367367334691,7,11,"SUMO binding","MF"
"GO:0009117",0.0148275899374472,0.998392644070395,5,7,"nucleotide metabolic process","BP"
"GO:1990535",0.0148481435944596,0.997298271382473,7,11,"neuron projection maintenance","BP"
"GO:0050870",0.0149728129947851,0.99409718106349,16,35,"positive regulation of T cell activation","BP"
"GO:0031641",0.0149910321337675,0.995496751813433,11,21,"regulation of myelination","BP"
"GO:0008430",0.0149981457265864,0.997775968758304,6,9,"selenium binding","MF"
"GO:0005783",0.0150904446088954,0.987433395959346,304,1000,"endoplasmic reticulum","CC"
"GO:0160075",0.0151594696610744,1,3,3,"non-canonical inflammasome complex assembly","BP"
"GO:0003723",0.0153992560827009,0.986879221124207,397,1338,"RNA binding","MF"
"GO:0140416",0.0154483750857971,0.994133500168021,15,32,"transcription regulator inhibitor activity","MF"
"GO:0002250",0.0156405191340292,0.989814785102014,59,167,"adaptive immune response","BP"
"GO:0045171",0.0156733607168847,0.991349499427,33,86,"intercellular bridge","CC"
"GO:0035519",0.0157059905805556,0.997644000172065,6,9,"protein K29-linked ubiquitination","BP"
"GO:0035269",0.0157786368773037,0.995530039058692,10,19,"protein O-linked mannosylation","BP"
"GO:0043547",0.0159868921445796,0.991369144999422,31,79,"positive regulation of GTPase activity","BP"
"GO:0030185",0.0160315131291282,0.998989957896734,4,5,"nitric oxide transport","BP"
"GO:0060612",0.0161585349033234,0.993565884261088,16,35,"adipose tissue development","BP"
"GO:0097581",0.0163380440738276,1,3,3,"lamellipodium organization","BP"
"GO:1904263",0.0164108584006655,0.992414115566215,21,50,"positive regulation of TORC1 signaling","BP"
"GO:0045087",0.016561434623842,0.987399403416498,134,418,"innate immune response","BP"
"GO:1905146",0.016660578706479,0.997463480088532,6,9,"lysosomal protein catabolic process","BP"
"GO:0097190",0.0168357568046244,0.99118339167747,28,71,"apoptotic signaling pathway","BP"
"GO:0048545",0.016882207350065,0.995159842381415,10,19,"response to steroid hormone","BP"
"GO:0002281",0.0170013482817809,0.99607493025458,8,14,"macrophage activation involved in immune response","BP"
"GO:0061851",0.0170919765264173,1,3,3,"leading edge of lamellipodium","CC"
"GO:0034987",0.0171217213131609,0.997375253398308,6,9,"immunoglobulin receptor binding","MF"
"GO:0034340",0.017125861882669,0.997374458255406,6,9,"response to type I interferon","BP"
"GO:0034244",0.0171874423621767,0.995056611066733,10,19,"negative regulation of transcription elongation by RNA polymerase II","BP"
"GO:0030426",0.0172789224411547,0.98943944324128,45,122,"growth cone","CC"
"GO:0046966",0.0172877347961747,0.99389247627209,13,27,"nuclear thyroid hormone receptor binding","MF"
"GO:0035767",0.0173962223311607,0.997322425941356,6,9,"endothelial cell chemotaxis","BP"
"GO:0004663",0.0174841020022505,0.998865916788591,4,5,"Rab geranylgeranyltransferase activity","MF"
"GO:0032741",0.017500149989972,0.998011333006987,5,7,"positive regulation of interleukin-18 production","BP"
"GO:0060440",0.0175412429708769,0.998005321979848,5,7,"trachea formation","BP"
"GO:0035520",0.0175708158429021,0.997288706732474,6,9,"monoubiquitinated protein deubiquitination","BP"
"GO:0030011",0.0177258656757743,0.997978262099017,5,7,"maintenance of cell polarity","BP"
"GO:0060544",0.017731235299062,0.997257644062264,6,9,"regulation of necroptotic process","BP"
"GO:0000301",0.0177394360382641,0.997256054046591,6,9,"retrograde transport, vesicle recycling within Golgi","BP"
"GO:0030890",0.0177935491037697,0.992322010990715,18,41,"positive regulation of B cell proliferation","BP"
"GO:0061351",0.0181153950919273,0.994259918728749,11,22,"neural precursor cell proliferation","BP"
"GO:0050816",0.0181396376444133,1,3,3,"phosphothreonine residue binding","MF"
"GO:0032012",0.018141369308572,0.994731719498444,10,19,"regulation of ARF protein signal transduction","BP"
"GO:0097039",0.0181602937506091,1,3,3,"protein linear polyubiquitination","BP"
"GO:0050862",0.0183162711107186,0.994671784428049,10,19,"positive regulation of T cell receptor signaling pathway","BP"
"GO:0016514",0.0184952296919152,0.993046515424042,14,30,"SWI/SNF complex","CC"
"GO:0030968",0.0185114332631167,0.991327040909436,21,50,"endoplasmic reticulum unfolded protein response","BP"
"GO:0001228",0.018512232662183,0.985834426064325,136,419,"DNA-binding transcription activator activity, RNA polymerase II-specific","MF"
"GO:0048147",0.0185718796050786,0.992694425139197,15,33,"negative regulation of fibroblast proliferation","BP"
"GO:0036500",0.0185946238473582,0.997849767894321,5,7,"ATF6-mediated unfolded protein response","BP"
"GO:0045579",0.0186779505358795,0.995603122947654,8,14,"positive regulation of B cell differentiation","BP"
"GO:0033209",0.0187036553201549,0.991226774663639,21,50,"tumor necrosis factor-mediated signaling pathway","BP"
"GO:0046666",0.0187728708799813,1,3,3,"retinal cell programmed cell death","BP"
"GO:1904515",0.0188244804234699,0.997815454554974,5,7,"positive regulation of TORC2 signaling","BP"
"GO:0000976",0.0188327376206923,0.987124489784951,70,202,"transcription cis-regulatory region binding","MF"
"GO:0042692",0.0188767966242435,0.994890173648957,9,17,"muscle cell differentiation","BP"
"GO:0071498",0.0188882909498292,0.99554323790729,8,14,"cellular response to fluid shear stress","BP"
"GO:0005776",0.0189258184598061,0.989724550722806,30,77,"autophagosome","CC"
"GO:0000149",0.0191310632742818,0.990457005373582,24,59,"SNARE binding","MF"
"GO:0006687",0.0192100072654459,0.997757609851576,5,7,"glycosphingolipid metabolic process","BP"
"GO:0045959",0.0192280869552873,0.997754888217716,5,7,"negative regulation of complement activation, classical pathway","BP"
"GO:0004715",0.0193720569195741,0.99131080000348,19,44,"non-membrane spanning protein tyrosine kinase activity","MF"
"GO:0051603",0.0193872614392643,0.992661313001405,14,30,"proteolysis involved in protein catabolic process","BP"
"GO:0042981",0.0194219181443542,0.987111559519406,60,173,"regulation of apoptotic process","BP"
"GO:0070555",0.019532542721211,0.992598306760552,14,30,"response to interleukin-1","BP"
"GO:0071456",0.0196125031404677,0.987962779976199,44,120,"cellular response to hypoxia","BP"
"GO:0045925",0.0196481082904132,1,3,3,"positive regulation of female receptivity","BP"
"GO:0044351",0.0197221308667221,0.997680209658874,5,7,"macropinocytosis","BP"
"GO:0060613",0.0197644084402433,0.997673791670728,5,7,"fat pad development","BP"
"GO:0006561",0.0197721905090295,1,3,3,"proline biosynthetic process","BP"
"GO:0006954",0.0198103036370762,0.985150198810558,115,355,"inflammatory response","BP"
"GO:0097352",0.0198679507685091,0.991011970552297,19,45,"autophagosome maturation","BP"
"GO:0030021",0.0202241491077019,0.995159433549585,8,14,"extracellular matrix structural constituent conferring compression resistance","MF"
"GO:0060033",0.0202529712557206,1,3,3,"anatomical structure regression","BP"
"GO:0061809",0.0203075957895937,0.995135262647295,8,14,"NAD+ nucleosidase activity, cyclic ADP-ribose generating","MF"
"GO:0019904",0.0203167597250738,0.986164761509073,67,194,"protein domain specific binding","MF"
"GO:0098686",0.0203243608942881,0.990830724953625,19,44,"hippocampal mossy fiber to CA3 synapse","CC"
"GO:0004307",0.020334921627903,1,3,3,"ethanolaminephosphotransferase activity","MF"
"GO:0036481",0.0203706813606076,1,3,3,"intrinsic apoptotic signaling pathway in response to hydrogen peroxide","BP"
"GO:0071629",0.0203822752326911,1,3,3,"cytoplasm protein quality control by the ubiquitin-proteasome system","BP"
"GO:0045588",0.0204324127602491,0.997571817647028,5,7,"positive regulation of gamma-delta T cell differentiation","BP"
"GO:0010508",0.0204872612897627,0.989216302908427,27,68,"positive regulation of autophagy","BP"
"GO:0002277",0.0206399375279097,1,3,3,"myeloid dendritic cell activation involved in immune response","BP"
"GO:0019243",0.0207110963655353,1,3,3,"methylglyoxal catabolic process to D-lactate via S-lactoyl-glutathione","BP"
"GO:0004579",0.0207215544918864,0.998576117020573,4,5,"dolichyl-diphosphooligosaccharide-protein glycotransferase activity","MF"
"GO:0045104",0.0207287129909235,0.99501293858393,8,14,"intermediate filament cytoskeleton organization","BP"
"GO:2000630",0.0208114706386811,1,3,3,"positive regulation of miRNA metabolic process","BP"
"GO:0110078",0.0208651138617266,1,3,3,"TTT Hsp90 cochaperone complex","CC"
"GO:0003677",0.0208656224899613,0.982643079460311,272,894,"DNA binding","MF"
"GO:0006004",0.020912739115023,0.997497841647788,5,7,"fucose metabolic process","BP"
"GO:0008285",0.0209930224628412,0.984162831301225,118,365,"negative regulation of cell population proliferation","BP"
"GO:0044565",0.0210023336918048,1,3,3,"dendritic cell proliferation","BP"
"GO:0004911",0.0211087712286455,1,3,3,"interleukin-2 receptor activity","MF"
"GO:0019976",0.0211087712286455,1,3,3,"interleukin-2 binding","MF"
"GO:0060143",0.0211359293733493,1,3,3,"positive regulation of syncytium formation by plasma membrane fusion","BP"
"GO:0048008",0.0211631060994427,0.991886131952822,14,30,"platelet-derived growth factor receptor signaling pathway","BP"
"GO:0015835",0.0211719588640016,1,3,3,"peptidoglycan transport","BP"
"GO:0000110",0.0211733842431534,1,3,3,"nucleotide-excision repair factor 1 complex","CC"
"GO:0006369",0.0212868200663099,0.997439856121649,5,7,"termination of RNA polymerase II transcription","BP"
"GO:1903438",0.0212874360405749,0.997439760373706,5,7,"positive regulation of mitotic cytokinetic process","BP"
"GO:0008063",0.0213002392976523,0.997437770018599,5,7,"Toll signaling pathway","BP"
"GO:2000646",0.0214434927387411,0.998509102344475,4,5,"positive regulation of receptor catabolic process","BP"
"GO:0050904",0.0214839417793569,0.998505322687473,4,5,"diapedesis","BP"
"GO:0045860",0.0216364969958414,0.990658992878069,17,39,"positive regulation of protein kinase activity","BP"
"GO:0031460",0.0217080816409887,1,3,3,"glycine betaine transport","BP"
"GO:0019888",0.0217977788387824,0.990891723377563,16,36,"protein phosphatase regulator activity","MF"
"GO:0070939",0.021801483181852,1,3,3,"Dsl1/NZR complex","CC"
"GO:1904271",0.0218143538994509,1,3,3,"L-proline import across plasma membrane","BP"
"GO:0004843",0.0218204883364732,0.987467727249882,34,90,"cysteine-type deubiquitinase activity","MF"
"GO:0003056",0.0218243001905937,1,3,3,"regulation of vascular associated smooth muscle contraction","BP"
"GO:0031281",0.021873333582882,1,3,3,"positive regulation of cyclase activity","BP"
"GO:0050508",0.0218926251336137,1,3,3,"glucuronosyl-N-acetylglucosaminyl-proteoglycan 4-alpha-N-acetylglucosaminyltransferase activity","MF"
"GO:0042488",0.0219064555957331,1,3,3,"positive regulation of odontogenesis of dentin-containing tooth","BP"
"GO:0004558",0.0219150713779377,1,3,3,"alpha-1,4-glucosidase activity","MF"
"GO:1904466",0.0219226970367781,1,3,3,"positive regulation of matrix metallopeptidase secretion","BP"
"GO:1903899",0.0219279832388608,1,3,3,"positive regulation of PERK-mediated unfolded protein response","BP"
"GO:0030891",0.0219339597049349,1,3,3,"VCB complex","CC"
"GO:0004982",0.0219408959154052,1,3,3,"N-formyl peptide receptor activity","MF"
"GO:0071503",0.0219419212026588,1,3,3,"response to heparin","BP"
"GO:2000640",0.0219471084887493,1,3,3,"positive regulation of SREBP signaling pathway","BP"
"GO:2000297",0.021947215740921,1,3,3,"negative regulation of synapse maturation","BP"
"GO:0061908",0.0219478189734866,1,3,3,"phagophore","CC"
"GO:0032252",0.0219544163704405,1,3,3,"secretory granule localization","BP"
"GO:0002155",0.021958565956395,1,3,3,"regulation of thyroid hormone receptor signaling pathway","BP"
"GO:0021747",0.0220153172730514,1,3,3,"cochlear nucleus development","BP"
"GO:0006986",0.0220725845062643,0.989403654831854,21,51,"response to unfolded protein","BP"
"GO:1904059",0.0220764293652653,1,3,3,"regulation of locomotor rhythm","BP"
"GO:0017025",0.0221140979080995,0.992238057681783,12,25,"TBP-class protein binding","MF"
"GO:0043024",0.0222442460028007,0.993130966803666,10,20,"ribosomal small subunit binding","MF"
"GO:0045054",0.0222750477742931,0.998430874374643,4,5,"constitutive secretory pathway","BP"
"GO:0047756",0.0223224900812382,1,3,3,"chondroitin 4-sulfotransferase activity","MF"
"GO:1903052",0.0223507251674777,0.998423700600343,4,5,"positive regulation of proteolysis involved in protein catabolic process","BP"
"GO:0099576",0.0224388092569518,0.998415339384415,4,5,"regulation of protein catabolic process at postsynapse, modulating synaptic transmission","BP"
"GO:0043484",0.0225387586467967,0.987834218040115,28,72,"regulation of RNA splicing","BP"
"GO:0002068",0.0226586569903524,0.998394417593466,4,5,"glandular epithelial cell development","BP"
"GO:0060261",0.0226999065927911,0.988632011841537,23,57,"positive regulation of transcription initiation by RNA polymerase II","BP"
"GO:0032449",0.0227616584378579,0.99838458943594,4,5,"CBM complex","CC"
"GO:0045060",0.0228352313385515,0.995048230031598,7,12,"negative thymic T cell selection","BP"
"GO:0008021",0.0230394954848461,0.986134776786528,39,106,"synaptic vesicle","CC"
"GO:0090168",0.0230589266491301,0.998356132067535,4,5,"Golgi reassembly","BP"
"GO:0048248",0.0231649433347205,0.998345949934079,4,5,"CXCR3 chemokine receptor binding","MF"
"GO:0019725",0.0231864239005987,0.993469076588986,9,17,"cellular homeostasis","BP"
"GO:0099041",0.0232743193199617,0.998335426938811,4,5,"vesicle tethering to Golgi","BP"
"GO:0035166",0.0233383551004941,0.998329257522777,4,5,"post-embryonic hemopoiesis","BP"
"GO:0043217",0.0233523007863258,0.998327913111388,4,5,"myelin maintenance","BP"
"GO:0061044",0.0233795296915476,0.998325287288799,4,5,"negative regulation of vascular wound healing","BP"
"GO:0061824",0.0233924273213655,0.998324043105807,4,5,"cytosolic ciliogenesis","BP"
"GO:0051900",0.023461864075931,0.998317340418811,4,5,"regulation of mitochondrial depolarization","BP"
"GO:0070418",0.02350321711115,0.99831334511312,4,5,"DNA-dependent protein kinase complex","CC"
"GO:2001034",0.0235570421358739,0.993344068051109,9,17,"positive regulation of double-strand break repair via nonhomologous end joining","BP"
"GO:0032588",0.023671801698068,0.985622311917298,40,109,"trans-Golgi network membrane","CC"
"GO:0042482",0.02374580367715,0.998289854885059,4,5,"positive regulation of odontogenesis","BP"
"GO:0002753",0.023794247303021,0.993263837885043,9,17,"cytoplasmic pattern recognition receptor signaling pathway","BP"
"GO:0042393",0.0238013193263212,0.984176939015371,57,164,"histone binding","MF"
"GO:2000535",0.0238041466229603,0.998284191966008,4,5,"regulation of entry of bacterium into host cell","BP"
"GO:0061523",0.0238296435848607,0.99828171553216,4,5,"cilium disassembly","BP"
"GO:0021978",0.0238386864939806,0.998280836986619,4,5,"telencephalon regionalization","BP"
"GO:0098944",0.0239420631171348,0.998270784781659,4,5,"postsynaptic recycling endosome membrane","CC"
"GO:0010738",0.0239923119618991,0.998265892773584,4,5,"regulation of protein kinase A signaling","BP"
"GO:0031954",0.0239995530407199,0.993194258563932,9,17,"positive regulation of protein autophosphorylation","BP"
"GO:0016605",0.0240987210868423,0.985444702379596,39,106,"PML body","CC"
"GO:0007096",0.0246874510565739,0.994548988885485,7,12,"regulation of exit from mitosis","BP"
"GO:0009650",0.0248018763908261,0.994517828089532,7,12,"UV protection","BP"
"GO:0000165",0.0251609755101465,0.984523219329766,41,113,"MAPK cascade","BP"
"GO:0006968",0.0253331289951708,0.988437420030974,18,43,"cellular defense response","BP"
"GO:0042405",0.0253888550425164,0.994357408325695,7,12,"nuclear inclusion body","CC"
"GO:0034599",0.0255378529522411,0.984830594227702,36,98,"cellular response to oxidative stress","BP"
"GO:0001836",0.0257031734258038,0.991196972425891,11,23,"release of cytochrome c from mitochondria","BP"
"GO:1902176",0.0257973323041506,0.993211839145522,8,15,"negative regulation of oxidative stress-induced intrinsic apoptotic signaling pathway","BP"
"GO:0002102",0.025882914431932,0.988559910424853,17,39,"podosome","CC"
"GO:0008284",0.0259654439642299,0.97989650577485,133,416,"positive regulation of cell population proliferation","BP"
"GO:0099507",0.0260311343728575,0.994180791359335,7,12,"ligand-gated monoatomic ion channel activity involved in regulation of presynaptic membrane potential","MF"
"GO:0034097",0.0262311685890163,0.988041827910671,18,42,"response to cytokine","BP"
"GO:2000036",0.0262920002267001,0.994108737664827,7,12,"regulation of stem cell population maintenance","BP"
"GO:0030506",0.026767126801297,0.99224411287476,9,17,"ankyrin binding","MF"
"GO:0032469",0.026815421594312,0.991431551236177,10,20,"endoplasmic reticulum calcium ion homeostasis","BP"
"GO:0035091",0.0268597670223882,0.983976638036687,36,98,"phosphatidylinositol binding","MF"
"GO:0031398",0.0269729155083857,0.985335713975103,27,70,"positive regulation of protein ubiquitination","BP"
"GO:0006913",0.027029005972472,0.987560998805453,18,43,"nucleocytoplasmic transport","BP"
"GO:0140036",0.0277317904856198,0.994628457431918,6,10,"ubiquitin-modified protein reader activity","MF"
"GO:0009791",0.0279301368780538,0.985003168359959,26,66,"post-embryonic development","BP"
"GO:0016925",0.0289156474723387,0.985618722321767,21,52,"protein sumoylation","BP"
"GO:0140297",0.029024869373962,0.980673742136276,54,155,"DNA-binding transcription factor binding","MF"
"GO:0001094",0.0292849077311313,0.994246542059678,6,10,"TFIID-class transcription factor complex binding","MF"
"GO:0048593",0.0292974814328388,0.990483251090264,10,20,"camera-type eye morphogenesis","BP"
"GO:0071044",0.029299313597275,0.994242972143,6,10,"histone mRNA catabolic process","BP"
"GO:0000289",0.0295521911234068,0.990384977961357,10,20,"nuclear-transcribed mRNA poly(A) tail shortening","BP"
"GO:0015629",0.0295770202094542,0.978499810280434,84,253,"actin cytoskeleton","CC"
"GO:0005788",0.0296174032817028,0.978164740294428,91,279,"endoplasmic reticulum lumen","CC"
"GO:0050821",0.029738268799134,0.978944301112603,72,216,"protein stabilization","BP"
"GO:2000563",0.0298174903416444,0.994114231582809,6,10,"positive regulation of CD4-positive, alpha-beta T cell proliferation","BP"
"GO:0006959",0.0298924078248092,0.986063600618436,18,43,"humoral immune response","BP"
"GO:0030838",0.0299502372129058,0.985679056175026,19,46,"positive regulation of actin filament polymerization","BP"
"GO:0002467",0.0300142620895643,0.994065175762009,6,10,"germinal center formation","BP"
"GO:0090084",0.0300506435601139,0.994056095661991,6,10,"negative regulation of inclusion body assembly","BP"
"GO:0060425",0.0301511823809397,0.991796883260152,8,15,"lung morphogenesis","BP"
"GO:0046328",0.030499541783012,0.991681479226759,8,15,"regulation of JNK cascade","BP"
"GO:0090630",0.0307013294568551,0.986917399295254,15,34,"activation of GTPase activity","BP"
"GO:0006417",0.0308426352271927,0.982753798028533,28,74,"regulation of translation","BP"
"GO:0001843",0.0309450890225727,0.982332870066474,30,79,"neural tube closure","BP"
"GO:0005635",0.0311841985241065,0.978222740359117,66,196,"nuclear envelope","CC"
"GO:0030335",0.0312456489740837,0.977347205406529,81,245,"positive regulation of cell migration","BP"
"GO:0030101",0.0314878544749752,0.988826719308454,11,23,"natural killer cell activation","BP"
"GO:0090398",0.0314906761252845,0.983877002322778,22,55,"cellular senescence","BP"
"GO:0031720",0.0316806042195209,0.996319153157077,4,6,"haptoglobin binding","MF"
"GO:0097191",0.0320434585143334,0.983808037181008,21,53,"extrinsic apoptotic signaling pathway","BP"
"GO:0036120",0.0322563935017492,0.9885050501312,11,23,"cellular response to platelet-derived growth factor stimulus","BP"
"GO:0004435",0.0323894680995254,0.988449198786169,11,23,"phosphatidylinositol phospholipase C activity","MF"
"GO:0046849",0.0324335090752427,0.991035160943379,8,15,"bone remodeling","BP"
"GO:1990459",0.0327305756244691,0.993378737571682,6,10,"transferrin receptor binding","MF"
"GO:0021904",0.0327459365812098,0.993374807507541,6,10,"dorsal/ventral neural tube patterning","BP"
"GO:0051452",0.0327753432485704,0.991833553963421,7,13,"intracellular pH reduction","BP"
"GO:0016493",0.0329036438469214,0.98823297784292,11,23,"C-C chemokine receptor activity","MF"
"GO:1904707",0.0329960670724097,0.985292769647344,16,37,"positive regulation of vascular associated smooth muscle cell proliferation","BP"
"GO:0001960",0.0331339986416181,0.993275346176795,6,10,"negative regulation of cytokine-mediated signaling pathway","BP"
"GO:0033089",0.0332469880456954,0.993246323026475,6,10,"positive regulation of T cell differentiation in thymus","BP"
"GO:1904724",0.0332588534971076,0.983453661353154,20,50,"tertiary granule lumen","CC"
"GO:0005778",0.0332669381877685,0.981965441502481,25,65,"peroxisomal membrane","CC"
"GO:0031985",0.0333250992237479,0.993226242178771,6,10,"Golgi cisterna","CC"
"GO:0035861",0.0335075531687598,0.97959776795722,36,99,"site of double-strand break","CC"
"GO:2000679",0.0335321501913249,0.99317294741218,6,10,"positive regulation of transcription regulatory region DNA binding","BP"
"GO:0043422",0.033558634904392,0.993166123361046,6,10,"protein kinase B binding","MF"
"GO:0071223",0.0337077504158932,0.993127673086433,6,10,"cellular response to lipoteichoic acid","BP"
"GO:0061459",0.033781052612221,0.993108753563491,6,10,"L-arginine transmembrane transporter activity","MF"
"GO:0099151",0.0338132394825502,0.990568362602338,8,15,"regulation of postsynaptic density assembly","BP"
"GO:0006309",0.033831072574829,0.993095836404399,6,10,"apoptotic DNA fragmentation","BP"
"GO:0061626",0.033862269663992,0.99308777725337,6,10,"pharyngeal arch artery morphogenesis","BP"
"GO:0000014",0.0341130095577563,0.993022925239937,6,10,"single-stranded DNA endodeoxyribonuclease activity","MF"
"GO:2000271",0.0341744286758734,0.993007018439384,6,10,"positive regulation of fibroblast apoptotic process","BP"
"GO:0045582",0.034210446542741,0.985074399722899,15,35,"positive regulation of T cell differentiation","BP"
"GO:0032835",0.0342339000424471,0.992991608148528,6,10,"glomerulus development","BP"
"GO:0005881",0.0344843808502659,0.982421207392922,21,53,"cytoplasmic microtubule","CC"
"GO:1902236",0.0346442485195408,0.989128229772455,9,18,"negative regulation of endoplasmic reticulum stress-induced intrinsic apoptotic signaling pathway","BP"
"GO:0032731",0.0353144449505718,0.9816147702374,22,56,"positive regulation of interleukin-1 beta production","BP"
"GO:0072687",0.0354418302238338,0.991003625155064,7,13,"meiotic spindle","CC"
"GO:0007166",0.0357030159863342,0.974434950096369,72,217,"cell surface receptor signaling pathway","BP"
"GO:0002376",0.0358442984988665,0.983727552391066,16,38,"immune system process","BP"
"GO:0005815",0.0358495468570933,0.979646742525999,28,74,"microtubule organizing center","CC"
"GO:1990380",0.0360413330853498,0.988598697089078,9,18,"K48-linked deubiquitinase activity","MF"
"GO:0008821",0.0361876393568527,0.993912388676843,5,8,"crossover junction DNA endonuclease activity","MF"
"GO:0035578",0.0363163318253562,0.978620322929916,31,85,"azurophil granule lumen","CC"
"GO:0043539",0.0363504871668693,0.980690621660667,23,59,"protein serine/threonine kinase activator activity","MF"
"GO:2001237",0.0365255985713043,0.983909921200067,15,35,"negative regulation of extrinsic apoptotic signaling pathway","BP"
"GO:0015031",0.0365528508656651,0.971895429075894,112,352,"protein transport","BP"
"GO:0046972",0.0365762490634696,0.988394717191643,9,18,"histone H4K16 acetyltransferase activity","MF"
"GO:0006897",0.0366464943413729,0.974894234196172,57,166,"endocytosis","BP"
"GO:0099505",0.0369200827010389,0.98569424086421,12,26,"regulation of presynaptic membrane potential","BP"
"GO:0008625",0.0369455280601769,0.982658114736693,17,41,"extrinsic apoptotic signaling pathway via death domain receptors","BP"
"GO:1900182",0.0369571465110478,0.98314929959664,16,38,"positive regulation of protein localization to nucleus","BP"
"GO:0003727",0.0369822839874795,0.98263849260994,17,41,"single-stranded RNA binding","MF"
"GO:0060333",0.0369996254505687,0.990511076965006,7,13,"type II interferon-mediated signaling pathway","BP"
"GO:0034614",0.0370241283081329,0.983114405847382,16,38,"cellular response to reactive oxygen species","BP"
"GO:0031901",0.0370256417794766,0.974162221352327,62,184,"early endosome membrane","CC"
"GO:0004842",0.037067969047158,0.973535630031049,70,210,"ubiquitin-protein transferase activity","MF"
"GO:0030220",0.0371030419446652,0.987143992725256,10,21,"platelet formation","BP"
"GO:0003725",0.0375707705974842,0.978818020252967,27,71,"double-stranded RNA binding","MF"
"GO:0030837",0.0375767028470579,0.988011412128539,9,18,"negative regulation of actin filament polymerization","BP"
"GO:0060291",0.0380820194158597,0.982050026614667,17,41,"long-term synaptic potentiation","BP"
"GO:0016922",0.038257140739268,0.982470297194327,16,38,"nuclear receptor binding","MF"
"GO:0048468",0.0383381666749317,0.987718118142708,9,18,"cell development","BP"
"GO:0005102",0.0383408943111966,0.971042241338936,97,303,"signaling receptor binding","MF"
"GO:0042744",0.0383573221854598,0.986396813624163,10,22,"hydrogen peroxide catabolic process","BP"
"GO:0018107",0.0384324881947517,0.982378426508479,16,38,"peptidyl-threonine phosphorylation","BP"
"GO:0035914",0.0385699828026138,0.982306341382323,16,38,"skeletal muscle cell differentiation","BP"
"GO:0046488",0.038716527296159,0.987571890921878,9,18,"phosphatidylinositol metabolic process","BP"
"GO:0035264",0.0389182590880955,0.976356754554368,34,93,"multicellular organism growth","BP"
"GO:0030863",0.0389976483609932,0.986358422268498,10,21,"cortical cytoskeleton","CC"
"GO:0019864",0.03919332223961,0.995095786954583,4,6,"IgG binding","MF"
"GO:0030276",0.0392318987992981,0.983163775563746,14,32,"clathrin binding","MF"
"GO:0043254",0.0393523693919177,0.986210429376685,10,21,"regulation of protein-containing complex assembly","BP"
"GO:0065003",0.0394729463828654,0.974032978060051,46,132,"protein-containing complex assembly","BP"
"GO:0001819",0.0397229155837365,0.979330606548237,21,54,"positive regulation of cytokine production","BP"
"GO:0016241",0.0397479870248285,0.979315971248666,21,54,"regulation of macroautophagy","BP"
"GO:0010212",0.0397741828688777,0.981139450747702,17,41,"response to ionizing radiation","BP"
"GO:0097320",0.0398770837520218,0.989586912484701,7,13,"plasma membrane tubulation","BP"
"GO:0060816",0.0399877391918938,0.989551009265804,7,13,"random inactivation of X chromosome","BP"
"GO:0097486",0.0400182647039009,0.994955605155357,4,6,"multivesicular body lumen","CC"
"GO:0032755",0.0400654504179525,0.975761507594883,33,91,"positive regulation of interleukin-6 production","BP"
"GO:0060090",0.040203461043116,0.971950324162556,60,179,"molecular adaptor activity","MF"
"GO:0034162",0.0403162189710369,0.992992155770767,5,8,"toll-like receptor 9 signaling pathway","BP"
"GO:0031410",0.0403763719572748,0.970106336864276,84,257,"cytoplasmic vesicle","CC"
"GO:0005581",0.0405337651472258,0.979763423792683,19,47,"collagen trimer","CC"
"GO:0008353",0.0405558493997469,0.992937743937085,5,8,"RNA polymerase II CTD heptapeptide repeat kinase activity","MF"
"GO:0030223",0.0405649900765722,0.992935666272711,5,8,"neutrophil differentiation","BP"
"GO:0034451",0.0406075416165287,0.973803324099427,42,119,"centriolar satellite","CC"
"GO:0061665",0.0407628058774315,0.989298790330574,7,13,"SUMO ligase activity","MF"
"GO:0006470",0.0411611609751916,0.976519775432797,27,72,"protein dephosphorylation","BP"
"GO:0098850",0.0412142016211738,0.989151305119267,7,13,"extrinsic component of synaptic vesicle membrane","CC"
"GO:0070372",0.041229687600257,0.983524679377685,12,27,"regulation of ERK1 and ERK2 cascade","BP"
"GO:0051147",0.0412452514820605,0.992780605943944,5,8,"regulation of muscle cell differentiation","BP"
"GO:0016579",0.0412455661842866,0.97593720486389,29,78,"protein deubiquitination","BP"
"GO:0033194",0.0412945027106767,0.992769346071205,5,8,"response to hydroperoxide","BP"
"GO:0005882",0.0413362995809218,0.97838625596729,21,54,"intermediate filament","CC"
"GO:1903826",0.041415117294071,0.989085519975289,7,13,"L-arginine transmembrane transport","BP"
"GO:0048025",0.0415628268691219,0.985281869168905,10,21,"negative regulation of mRNA splicing, via spliceosome","BP"
"GO:1902902",0.0417868037750828,0.988963594185992,7,13,"negative regulation of autophagosome assembly","BP"
"GO:0051787",0.0418635803313239,0.987350182879453,8,16,"misfolded protein binding","MF"
"GO:0015734",0.04189996528004,0.992630557640294,5,8,"taurine transmembrane transport","BP"
"GO:0046777",0.0419466285386695,0.972431369726255,45,128,"protein autophosphorylation","BP"
"GO:1902808",0.0420142583373339,0.988888837351109,7,13,"positive regulation of cell cycle G1/S phase transition","BP"
"GO:0032874",0.0421130251917435,0.985049073413802,10,21,"positive regulation of stress-activated MAPK cascade","BP"
"GO:0003014",0.0421675426656501,0.988838396368769,7,13,"renal system process","BP"
"GO:0003279",0.0422033424756908,0.992560761168203,5,8,"cardiac septum development","BP"
"GO:0035612",0.0423231090985271,0.992533160531777,5,8,"AP-2 adaptor complex binding","MF"
"GO:0008611",0.0424603498479093,0.992501500610099,5,8,"ether lipid biosynthetic process","BP"
"GO:0032740",0.0424966806804116,0.98384475065034,11,24,"positive regulation of interleukin-17 production","BP"
"GO:0006622",0.0425550927427389,0.982902285260957,12,27,"protein targeting to lysosome","BP"
"GO:0003333",0.0427200529551477,0.984791472681642,10,21,"amino acid transmembrane transport","BP"
"GO:0010457",0.042875962831124,0.988604638120158,7,13,"centriole-centriole cohesion","BP"
"GO:1990909",0.0429185479119225,0.988590552886938,7,13,"Wnt signalosome","CC"
"GO:0090091",0.0429231929421617,0.992394474119035,5,8,"positive regulation of extracellular matrix disassembly","BP"
"GO:0060766",0.0429852766378815,0.98856847443304,7,13,"negative regulation of androgen receptor signaling pathway","BP"
"GO:0043583",0.0430896183826775,0.992355895007115,5,8,"ear development","BP"
"GO:0042641",0.0431442577646796,0.992343218070736,5,8,"actomyosin","CC"
"GO:2000320",0.0432024736935798,0.992329705375225,5,8,"negative regulation of T-helper 17 cell differentiation","BP"
"GO:0061028",0.0432422419323645,0.984569241922729,10,21,"establishment of endothelial barrier","BP"
"GO:0005158",0.0436668863770965,0.984388095597791,10,21,"insulin receptor binding","MF"
"GO:0038172",0.0437536900296026,0.992201456681326,5,8,"interleukin-33-mediated signaling pathway","BP"
"GO:0090571",0.0437995228339228,0.992190768294255,5,8,"RNA polymerase II transcription repressor complex","CC"
"GO:0007519",0.0441468276315359,0.977620014265268,19,48,"skeletal muscle tissue development","BP"
"GO:0048488",0.0441988351035209,0.98051764312339,14,33,"synaptic vesicle endocytosis","BP"
"GO:2001238",0.0442574507442875,0.979796938926697,15,36,"positive regulation of extrinsic apoptotic signaling pathway","BP"
"GO:0097110",0.0443213594185897,0.974821567818587,26,69,"scaffold protein binding","MF"
"GO:0032435",0.0445467351237439,0.979644870913758,15,36,"negative regulation of proteasomal ubiquitin-dependent protein catabolic process","BP"
"GO:0046827",0.0446225456331479,0.98491390188886,9,19,"positive regulation of protein export from nucleus","BP"
"GO:0008157",0.0450524523051271,0.982689340915754,11,24,"protein phosphatase 1 binding","MF"
"GO:0031965",0.0454527913418602,0.966360248548294,80,246,"nuclear membrane","CC"
"GO:1904019",0.0455023225997937,0.985992479113264,8,16,"epithelial cell apoptotic process","BP"
"GO:0042110",0.0457053912099951,0.974995554923425,23,60,"T cell activation","BP"
"GO:0005802",0.0459400715598758,0.967856428279967,58,173,"trans-Golgi network","CC"
"GO:0030162",0.0461539603019647,0.989008453021343,6,11,"regulation of proteolysis","BP"
"GO:0005154",0.0463254331175742,0.980224914825526,13,30,"epidermal growth factor receptor binding","MF"
"GO:0016301",0.0465016370495908,0.976173039132679,19,49,"kinase activity","MF"
"GO:0000791",0.0465234474199212,0.97531630475621,21,54,"euchromatin","CC"
"GO:0061469",0.0465631484487685,0.993804796011504,4,6,"regulation of type B pancreatic cell proliferation","BP"
"GO:0034399",0.0468324598199834,0.985489288059462,8,16,"nuclear periphery","CC"
"GO:0010324",0.0472149604346251,0.99368653273227,4,6,"membrane invagination","BP"
"GO:0045445",0.047307980560624,0.98381065454375,9,19,"myoblast differentiation","BP"
"GO:0035904",0.0477283037756979,0.980437917993914,12,27,"aorta development","BP"
"GO:0001875",0.047757201469304,0.993587658395333,4,6,"lipopolysaccharide immune receptor activity","MF"
"GO:0005721",0.0477813809028145,0.97949826158796,13,30,"pericentric heterochromatin","CC"
"GO:0071353",0.0484196183483577,0.980902816835737,11,25,"cellular response to interleukin-4","BP"
"GO:0043462",0.0484534210884262,0.993460056498678,4,6,"regulation of ATP-dependent activity","BP"
"GO:0071391",0.0484600879935806,0.984868680825237,8,16,"cellular response to estrogen stimulus","BP"
"GO:0072542",0.0484703199471773,0.984864762660663,8,16,"protein phosphatase activator activity","MF"
"GO:0032481",0.0486678571849637,0.977460690817184,15,36,"positive regulation of type I interferon production","BP"
"GO:0055129",0.0488374986412591,0.993389351973207,4,6,"L-proline biosynthetic process","BP"
"GO:1904385",0.0488857467740631,0.984705506063492,8,16,"cellular response to angiotensin","BP"
"GO:1990166",0.0489535477496427,0.984679481665969,8,16,"protein localization to site of double-strand break","BP"
"GO:0019886",0.0490954592178351,0.979567399327192,12,28,"antigen processing and presentation of exogenous peptide antigen via MHC class II","BP"
"GO:0034511",0.0491623525847154,0.988089232651008,6,11,"U3 snoRNA binding","MF"
"GO:1904357",0.049175187541582,0.988085273815067,6,11,"negative regulation of telomere maintenance via telomere lengthening","BP"
"GO:0019221",0.0492914017377069,0.967653262789378,42,120,"cytokine-mediated signaling pathway","BP"
"GO:0003713",0.0493021030614796,0.963334833961656,80,246,"transcription coactivator activity","MF"
"GO:0043249",0.0493855058844881,0.984513467911182,8,16,"erythrocyte maturation","BP"
"GO:0005123",0.0497264959145594,0.984382156519493,8,16,"death receptor binding","MF"
"GO:0042542",0.0497410433441663,0.978329150730749,13,31,"response to hydrogen peroxide","BP"
