"","NGenes","Direction","PValue","FDR"
"GOBP_ADAPTIVE_IMMUNE_RESPONSE",752,"Up",5.26199645074313e-15,4.00174830079015e-11
"GOBP_IMMUNOGLOBULIN_PRODUCTION",194,"Up",1.61668594061536e-14,6.14744828918989e-11
"GOBP_B_CELL_RECEPTOR_SIGNALING_PATHWAY",75,"Up",1.60214026611946e-12,4.06142557461284e-09
"GOBP_B_CELL_MEDIATED_IMMUNITY",202,"Up",1.90097341277767e-11,3.61422570104354e-08
"GOBP_PRODUCTION_OF_MOLECULAR_MEDIATOR_OF_IMMUNE_RESPONSE",312,"Up",2.36642896485429e-10,3.08954133001494e-07
"GOBP_ANTIGEN_RECEPTOR_MEDIATED_SIGNALING_PATHWAY",206,"Up",2.43750795267451e-10,3.08954133001494e-07
"GOBP_LYMPHOCYTE_MEDIATED_IMMUNITY",369,"Up",1.94574118576259e-09,2.11390881681779e-06
"GOBP_ADAPTIVE_IMMUNE_RESPONSE_BASED_ON_SOMATIC_RECOMBINATION_OF_IMMUNE_RECEPTORS_BUILT_FROM_IMMUNOGLOBULIN_SUPERFAMILY_DOMAINS",378,"Up",3.6360601712339e-09,3.45652970027923e-06
"GOBP_IMMUNE_RESPONSE_REGULATING_CELL_SURFACE_RECEPTOR_SIGNALING_PATHWAY",356,"Up",1.14675289236274e-08,9.69006194046514e-06
"GOBP_NEUTROPHIL_CHEMOTAXIS",84,"Up",1.46062094812463e-08,1.11080223104878e-05
"GOBP_LEUKOCYTE_MEDIATED_IMMUNITY",466,"Up",7.67124805802452e-08,5.30362195284332e-05
"GOBP_NEUTROPHIL_MIGRATION",106,"Up",9.34931902423984e-08,5.925130931612e-05
"GOBP_POSITIVE_REGULATION_OF_INTERLEUKIN_2_PRODUCTION",34,"Up",1.159312368648e-07,6.78197735659082e-05
"GOBP_GRANULOCYTE_CHEMOTAXIS",126,"Up",1.45349602921707e-07,7.895598072997e-05
"GOBP_REGULATION_OF_ANTIGEN_RECEPTOR_MEDIATED_SIGNALING_PATHWAY",67,"Up",2.30502072878928e-07,0.000116864550949616
"GOBP_RESPONSE_TO_CHEMOKINE",97,"Up",4.54965454650143e-07,0.000216250767663396
"GOBP_FC_RECEPTOR_SIGNALING_PATHWAY",57,"Up",5.47772589345826e-07,0.000245047678939706
"GOBP_GRANULOCYTE_MIGRATION",152,"Up",7.33286723660261e-07,0.00030981364074646
"GOBP_T_CELL_RECEPTOR_SIGNALING_PATHWAY",147,"Up",3.03087636551205e-06,0.00121314814524838
"GOBP_PHOSPHATIDYLINOSITOL_3_PHOSPHATE_BIOSYNTHETIC_PROCESS",22,"Up",3.59746599746466e-06,0.00136262200531888
"GOBP_REGULATION_OF_KILLING_OF_CELLS_OF_ANOTHER_ORGANISM",9,"Up",3.76266431449e-06,0.00136262200531888
"GOBP_POSITIVE_REGULATION_OF_NITRIC_OXIDE_SYNTHASE_BIOSYNTHETIC_PROCESS",16,"Up",4.36110222651141e-06,0.00150755374693724
"GOBP_PROTEIN_N_LINKED_GLYCOSYLATION_VIA_ASPARAGINE",24,"Up",5.3207460909964e-06,0.00175931626182729
"GOBP_IMMUNE_EFFECTOR_PROCESS",710,"Up",6.34789162785009e-06,0.002011488159575
"GOBP_ACTIVATION_OF_IMMUNE_RESPONSE",566,"Up",7.21691559673946e-06,0.00216628468019048
"GOBP_POSITIVE_REGULATION_OF_T_CELL_CYTOKINE_PRODUCTION",26,"Up",7.57310984320988e-06,0.00216628468019048
"GOBP_NITRIC_OXIDE_SYNTHASE_BIOSYNTHETIC_PROCESS",19,"Up",7.69095152730349e-06,0.00216628468019048
"GOBP_FC_EPSILON_RECEPTOR_SIGNALING_PATHWAY",25,"Up",8.58046286936046e-06,0.0023305150043388
"GOBP_LEUKOCYTE_CHEMOTAXIS",235,"Up",9.02967283727818e-06,0.00236795385956899
"GOBP_TYPE_II_HYPERSENSITIVITY",9,"Up",9.53333265636787e-06,0.00241669982838926
"GOBP_POSITIVE_REGULATION_OF_FC_RECEPTOR_MEDIATED_STIMULATORY_SIGNALING_PATHWAY",5,"Up",1.01700322341177e-05,0.00249493855291823
"GOBP_REGULATION_OF_B_CELL_PROLIFERATION",64,"Up",1.07244791021254e-05,0.00254873948661449
"GOBP_DENDRITIC_CELL_MIGRATION",31,"Up",1.47383727464794e-05,0.00337243627361411
"GOBP_IMMUNE_RESPONSE_REGULATING_SIGNALING_PATHWAY",561,"Up",1.50772956348297e-05,0.00337243627361411
"GOBP_POSITIVE_REGULATION_OF_IMMUNE_RESPONSE",764,"Up",3.20036432237855e-05,0.00673598187750344
"GOBP_ENERGY_COUPLED_PROTON_TRANSMEMBRANE_TRANSPORT_AGAINST_ELECTROCHEMICAL_GRADIENT",5,"Down",3.27181989625663e-05,0.00673598187750344
"GOBP_B_CELL_HOMEOSTASIS",33,"Up",3.27720354329556e-05,0.00673598187750344
"GOBP_POSITIVE_REGULATION_OF_CELL_KILLING",77,"Up",4.51681029167178e-05,0.00903956375477996
"GOBP_INTERLEUKIN_2_PRODUCTION",64,"Up",5.1649465810584e-05,0.0099423847566391
"GOBP_REGULATION_OF_LYMPHOCYTE_MEDIATED_IMMUNITY",192,"Up",5.401815697592e-05,0.0099423847566391
"GOBP_POSITIVE_REGULATION_OF_ALPHA_BETA_T_CELL_PROLIFERATION",24,"Up",5.50614252641391e-05,0.0099423847566391
"GOBP_REGULATION_OF_T_CELL_RECEPTOR_SIGNALING_PATHWAY",49,"Up",5.60125688017397e-05,0.0099423847566391
"GOBP_NEGATIVE_REGULATION_OF_ANTIGEN_RECEPTOR_MEDIATED_SIGNALING_PATHWAY",33,"Up",5.621598218744e-05,0.0099423847566391
"GOBP_REGULATION_OF_CELL_KILLING",114,"Up",6.20514864551716e-05,0.0107250353293541
"GOBP_REGULATION_OF_B_CELL_RECEPTOR_SIGNALING_PATHWAY",21,"Up",6.48131875153015e-05,0.0109534286900859
"GOBP_POSITIVE_REGULATION_OF_LEUKOCYTE_MEDIATED_IMMUNITY",152,"Up",6.74847946026681e-05,0.0111569970207237
"GOBP_POSITIVE_REGULATION_OF_CYTOKINE_PRODUCTION_INVOLVED_IN_IMMUNE_RESPONSE",81,"Up",7.76726754911661e-05,0.0123759491855222
"GOBP_FC_GAMMA_RECEPTOR_SIGNALING_PATHWAY",34,"Up",7.90768793022549e-05,0.0123759491855222
"GOBP_REGULATION_OF_B_CELL_ACTIVATION",129,"Up",7.97398435359091e-05,0.0123759491855222
"GOBP_ALPHA_BETA_T_CELL_ACTIVATION",184,"Up",8.41911394701297e-05,0.0127592614327292
"GOBP_MYELOID_LEUKOCYTE_MIGRATION",235,"Up",8.55650668072569e-05,0.0127592614327292
"GOBP_T_CELL_MEDIATED_IMMUNITY",133,"Up",9.48231719996451e-05,0.0138678889049481
"GOBP_CD4_POSITIVE_ALPHA_BETA_T_CELL_PROLIFERATION",22,"Up",0.000120664522429942,0.0173142206241454
"GOBP_CD4_POSITIVE_ALPHA_BETA_T_CELL_ACTIVATION",121,"Up",0.000126998653325634,0.0178856436766934
"GOBP_RESPONSE_TO_LECTIN",23,"Up",0.00013301922133375,0.0183929305135122
"GOBP_POSITIVE_REGULATION_OF_INTERLEUKIN_10_PRODUCTION",41,"Up",0.000152794627968381,0.0207500561732061
"GOBP_LYMPHOCYTE_MIGRATION",105,"Up",0.0001928934971236,0.0252187768196232
"GOBP_NLS_BEARING_PROTEIN_IMPORT_INTO_NUCLEUS",20,"Up",0.000194177194137218,0.0252187768196232
"GOBP_POSITIVE_REGULATION_OF_PRODUCTION_OF_MOLECULAR_MEDIATOR_OF_IMMUNE_RESPONSE",135,"Up",0.000197057345268312,0.0252187768196232
"GOBP_B_CELL_PROLIFERATION",103,"Up",0.000199054054424758,0.0252187768196232
"GOBP_ACUTE_INFLAMMATORY_RESPONSE_TO_ANTIGENIC_STIMULUS",27,"Up",0.000202280787113348,0.0252187768196232
"GOBP_LEUKOCYTE_MEDIATED_CYTOTOXICITY",147,"Up",0.000215667548731934,0.0264540598081671
"GOBP_HYPERSENSITIVITY",17,"Up",0.000231197725878529,0.0279088683381938
"GOBP_LEUKOCYTE_MIGRATION",393,"Up",0.000235176598576045,0.0279455942526691
"GOBP_REGULATION_OF_MATRIX_METALLOPEPTIDASE_SECRETION",5,"Up",0.000245342675368464,0.0287050930181103
"GOBP_DENDRITIC_CELL_CHEMOTAXIS",24,"Up",0.00026989900587049,0.0297004290742173
"GOBP_MODULATION_OF_PROCESS_OF_ANOTHER_ORGANISM",14,"Up",0.000274086634033853,0.0297004290742173
"GOBP_NEGATIVE_T_CELL_SELECTION",13,"Up",0.000274863041667139,0.0297004290742173
"GOBP_REGULATION_OF_IMMUNE_RESPONSE",956,"Up",0.000276524674789286,0.0297004290742173
"GOBP_REGULATION_OF_LEUKOCYTE_MEDIATED_IMMUNITY",251,"Up",0.000278743748051841,0.0297004290742173
"GOBP_POSITIVE_REGULATION_OF_INTERLEUKIN_4_PRODUCTION",26,"Up",0.000279702092288597,0.0297004290742173
"GOBP_REGULATION_OF_NEUTROPHIL_CHEMOTAXIS",33,"Up",0.000281187494193774,0.0297004290742173
"GOBP_VESICLE_CARGO_LOADING",36,"Up",0.000285697144867576,0.0297633806399715
"GOBP_POSITIVE_REGULATION_OF_TYPE_II_INTERFERON_PRODUCTION",77,"Up",0.000291057389987576,0.0299120466331826
"GOBP_B_CELL_ACTIVATION",274,"Up",0.000307820085431139,0.0312129566627175
"GOBP_REGULATION_OF_FC_RECEPTOR_MEDIATED_STIMULATORY_SIGNALING_PATHWAY",10,"Up",0.00031395505992432,0.0314161609305849
"GOBP_MYELOID_DENDRITIC_CELL_ACTIVATION",29,"Up",0.000346036444619406,0.0341767163809166
"GOBP_REGULATION_OF_COLLAGEN_FIBRIL_ORGANIZATION",8,"Down",0.000352549053109815,0.034373532678207
"GOBP_POSITIVE_REGULATION_OF_IMMUNE_SYSTEM_PROCESS",1093,"Up",0.000358735034924846,0.0345339232987779
"GOBP_ALPHA_BETA_T_CELL_PROLIFERATION",46,"Up",0.000369631105868642,0.0351380570016378
"GOBP_POSITIVE_REGULATION_OF_ADAPTIVE_IMMUNE_RESPONSE",133,"Up",0.000388317795265441,0.0364587263332553
"GOBP_TOLL_LIKE_RECEPTOR_SIGNALING_PATHWAY",77,"Up",0.000401305501831355,0.0372186383100909
"GOBP_LYMPHOCYTE_CHEMOTAXIS",44,"Up",0.000407107880795846,0.0372223507745554
"GOBP_INTERLEUKIN_12_PRODUCTION",63,"Up",0.00041113444642507,0.0372223507745554
"GOBP_MYELOID_LEUKOCYTE_ACTIVATION",239,"Up",0.000439396620902588,0.038541270790264
"GOBP_T_CELL_DIFFERENTIATION_INVOLVED_IN_IMMUNE_RESPONSE",86,"Up",0.000441612693882795,0.038541270790264
"GOBP_CHITIN_METABOLIC_PROCESS",6,"Up",0.000443064019384463,0.038541270790264
"GOBP_POSITIVE_REGULATION_OF_CD4_POSITIVE_ALPHA_BETA_T_CELL_PROLIFERATION",10,"Up",0.000445973942083266,0.038541270790264
"GOBP_TYPE_II_INTERFERON_MEDIATED_SIGNALING_PATHWAY",26,"Up",0.000454406647114549,0.0387002627062319
"GOBP_ENDOPLASMIC_RETICULUM_TO_CYTOSOL_TRANSPORT",28,"Up",0.000457991274629964,0.0387002627062319
"GOBP_REGULATION_OF_COMPLEMENT_ACTIVATION",20,"Up",0.000464527493533491,0.0388212262452989
"GOBP_REGULATION_OF_GRANULOCYTE_CHEMOTAXIS",51,"Up",0.000490152293394698,0.0400113852259317
"GOBP_REGULATION_OF_T_CELL_MEDIATED_IMMUNITY",103,"Up",0.000491445564406957,0.0400113852259317
"GOBP_NEGATIVE_REGULATION_OF_T_CELL_RECEPTOR_SIGNALING_PATHWAY",26,"Up",0.000494552296020721,0.0400113852259317
"GOBP_T_CELL_SELECTION",58,"Up",0.000504270703768351,0.0403681968648243
"GOBP_REGULATION_OF_CALCIDIOL_1_MONOOXYGENASE_ACTIVITY",7,"Up",0.000516097971378317,0.0408846361701261
"GOBP_HYPOXIA_INDUCIBLE_FACTOR_1ALPHA_SIGNALING_PATHWAY",5,"Up",0.000531155790379246,0.041643709132311
"GOBP_MATURE_B_CELL_DIFFERENTIATION",38,"Up",0.000558138419575775,0.0433126804170793
"GOBP_INTERLEUKIN_18_PRODUCTION",12,"Up",0.000566439573748427,0.0435128581652201
"GOBP_POSITIVE_REGULATION_OF_IMMUNE_EFFECTOR_PROCESS",260,"Up",0.000585736743211465,0.0438410672466324
"GOBP_TYPE_II_INTERFERON_PRODUCTION",118,"Up",0.000587367650218609,0.0438410672466324
"GOBP_MONONUCLEAR_CELL_MIGRATION",221,"Up",0.000591783407045512,0.0438410672466324
"GOBP_REGULATION_OF_HUMORAL_IMMUNE_RESPONSE",45,"Up",0.000593771193478387,0.0438410672466324
"GOBP_POSITIVE_REGULATION_OF_CYTOKINE_PRODUCTION",487,"Up",0.000599613766480961,0.0438467566739203
"GOBP_PROTEIN_K48_LINKED_UBIQUITINATION",99,"Up",0.00061634452733371,0.0446409536225987
"GOBP_REGULATION_OF_LYMPHOCYTE_CHEMOTAXIS",25,"Up",0.000637344152791631,0.0454395277165497
"GOBP_CD4_POSITIVE_ALPHA_BETA_T_CELL_CYTOKINE_PRODUCTION",19,"Up",0.000647103930047412,0.0454395277165497
"GOBP_REGULATION_OF_ADAPTIVE_IMMUNE_RESPONSE",212,"Up",0.000648080056540948,0.0454395277165497
"GOBP_POSITIVE_REGULATION_OF_TUMOR_NECROSIS_FACTOR_SUPERFAMILY_CYTOKINE_PRODUCTION",109,"Up",0.000651270022498872,0.0454395277165497
"GOBP_T_CELL_ACTIVATION",573,"Up",0.000677425925425395,0.0468347651169103
"GOBP_LYMPHOCYTE_ACTIVATION",796,"Up",0.00069365810253673,0.0474912642052157
"GOBP_CHRONIC_INFLAMMATORY_RESPONSE",19,"Up",0.000701848384740203,0.0474912642052157
"GOBP_POSITIVE_REGULATION_OF_LEUKOCYTE_PROLIFERATION",161,"Up",0.000705655865245151,0.0474912642052157
"GOBP_LEUKOCYTE_MIGRATION_INVOLVED_IN_INFLAMMATORY_RESPONSE",19,"Up",0.000730377789885156,0.0487238867726019
"GOBP_ANTIGEN_PROCESSING_AND_PRESENTATION_OF_EXOGENOUS_PEPTIDE_ANTIGEN",41,"Up",0.000746318459161473,0.0488178968285324
"GOBP_LEUKOCYTE_AGGREGATION",13,"Up",0.000747519286380244,0.0488178968285324
"GOBP_REGULATION_OF_INNATE_IMMUNE_RESPONSE",442,"Up",0.000751044566592806,0.0488178968285324
"GOBP_COMPLEMENT_DEPENDENT_CYTOTOXICITY",14,"Up",0.000757495189300982,0.0488199230053726
"GOBP_ANTIGEN_PROCESSING_AND_PRESENTATION_OF_EXOGENOUS_PEPTIDE_ANTIGEN_VIA_MHC_CLASS_I",9,"Up",0.000784586802317588,0.0501262945627567
"GOBP_POSITIVE_REGULATION_OF_INTERLEUKIN_1_BETA_PRODUCTION",60,"Up",0.000790947448722,0.0501262945627567
"GOBP_REGULATION_OF_LEUKOCYTE_CHEMOTAXIS",122,"Up",0.000826722326565429,0.0519605230870255
"GOBP_GRANZYME_MEDIATED_PROGRAMMED_CELL_DEATH_SIGNALING_PATHWAY",8,"Up",0.000881586957008154,0.0549546623610411
"GOBP_POSITIVE_REGULATION_OF_INTERLEUKIN_1_PRODUCTION",71,"Up",0.00092697826672124,0.056934430918559
"GOBP_T_CELL_CYTOKINE_PRODUCTION",38,"Up",0.000928319452189522,0.056934430918559
"GOBP_POSITIVE_REGULATION_OF_B_CELL_PROLIFERATION",45,"Up",0.000961007385755021,0.0584676893493355
"GOBP_LONG_CHAIN_FATTY_ACYL_COA_BIOSYNTHETIC_PROCESS",19,"Up",0.00098623543456935,0.0591233914601893
"GOBP_POSITIVE_REGULATION_OF_LEUKOCYTE_CHEMOTAXIS",93,"Up",0.000991443551535165,0.0591233914601893
"GOBP_LYMPHOCYTE_ACTIVATION_INVOLVED_IN_IMMUNE_RESPONSE",217,"Up",0.000996760893095967,0.0591233914601893
"GOBP_LEUKOCYTE_HOMEOSTASIS",107,"Up",0.00100288198532077,0.0591233914601893
"GOBP_NEGATIVE_REGULATION_OF_VASOCONSTRICTION",12,"Up",0.00101398957782678,0.0593183903028667
"GOBP_CELL_CHEMOTAXIS",317,"Up",0.00102914586251724,0.0597454525530049
"GOBP_REGULATION_OF_NEUTROPHIL_MIGRATION",45,"Up",0.00107824834611892,0.0613684606980738
"GOBP_NEGATIVE_REGULATION_OF_B_CELL_ACTIVATION",31,"Up",0.00108030323147183,0.0613684606980738
"GOBP_POSITIVE_REGULATION_OF_PYROPTOSIS",5,"Up",0.0010945310818778,0.0613684606980738
"GOBP_INTERLEUKIN_4_PRODUCTION",33,"Up",0.00109584893331873,0.0613684606980738
"GOBP_NATURAL_KILLER_CELL_CHEMOTAXIS",10,"Up",0.00109745044772361,0.0613684606980738
"GOBP_ALPHA_BETA_T_CELL_DIFFERENTIATION",126,"Up",0.00111624756199,0.0619639613790797
"GOBP_PROTEIN_EXIT_FROM_ENDOPLASMIC_RETICULUM",49,"Up",0.00114171650528013,0.0629185074105466
"GOBP_MITOTIC_SISTER_CHROMATID_COHESION",31,"Up",0.00116632467924863,0.0631028623458596
"GOBP_REGULATION_OF_PHAGOCYTOSIS",98,"Up",0.00116797012908309,0.0631028623458596
"GOBP_TOLL_LIKE_RECEPTOR_2_SIGNALING_PATHWAY",18,"Up",0.00117105002911386,0.0631028623458596
"GOBP_PHOSPHOLIPID_DEPHOSPHORYLATION",44,"Up",0.00117825199909429,0.0631028623458596
"GOBP_CD4_POSITIVE_ALPHA_BETA_T_CELL_DIFFERENTIATION",95,"Up",0.00118764979607298,0.0631613755184266
"GOBP_DETECTION_OF_OTHER_ORGANISM",19,"Up",0.00120667153080098,0.0637273402204266
"GOBP_NEGATIVE_REGULATION_OF_T_CELL_MEDIATED_IMMUNITY",32,"Up",0.00126506563166367,0.0663505112331186
"GOBP_ENDOPLASMIC_RETICULUM_TO_GOLGI_VESICLE_MEDIATED_TRANSPORT",138,"Up",0.0013051457503372,0.0679837906254413
"GOBP_NEGATIVE_REGULATION_OF_COMPLEMENT_ACTIVATION",13,"Up",0.0013315641173406,0.0688880619889475
"GOBP_POSITIVE_REGULATION_OF_INTERLEUKIN_18_PRODUCTION",8,"Up",0.00137487373543203,0.0706480726889229
"GOBP_T_CELL_MIGRATION",72,"Up",0.00141049384086965,0.0711935216472512
"GOBP_REGULATION_OF_TOLL_LIKE_RECEPTOR_2_SIGNALING_PATHWAY",12,"Up",0.00142723108949025,0.0711935216472512
"GOBP_ACTIVATION_OF_INNATE_IMMUNE_RESPONSE",300,"Up",0.00142837201149329,0.0711935216472512
"GOBP_ONCOGENE_INDUCED_CELL_SENESCENCE",6,"Down",0.001432010432413,0.0711935216472512
"GOBP_POSITIVE_REGULATION_OF_PHAGOCYTOSIS",70,"Up",0.00145106038285193,0.0711935216472512
"GOBP_REGULATION_OF_HUMORAL_IMMUNE_RESPONSE_MEDIATED_BY_CIRCULATING_IMMUNOGLOBULIN",18,"Up",0.00145340432915533,0.0711935216472512
"GOBP_MEIOTIC_SPINDLE_ASSEMBLY",12,"Up",0.00147753171494216,0.0711935216472512
"GOBP_T_CELL_ACTIVATION_INVOLVED_IN_IMMUNE_RESPONSE",126,"Up",0.0014921200143574,0.0711935216472512
"GOBP_POSITIVE_REGULATION_OF_NEUTROPHIL_MIGRATION",34,"Up",0.00150352263129766,0.0711935216472512
"GOBP_REGULATION_OF_LEUKOCYTE_PROLIFERATION",263,"Up",0.00150808551410231,0.0711935216472512
"GOBP_COPII_COATED_VESICLE_CARGO_LOADING",18,"Up",0.00150975926752073,0.0711935216472512
"GOBP_B_CELL_DIFFERENTIATION",154,"Up",0.00151831160854191,0.0711935216472512
"GOBP_ANTIGEN_PROCESSING_AND_PRESENTATION_OF_EXOGENOUS_ANTIGEN",50,"Up",0.00151882811658867,0.0711935216472512
"GOBP_FC_RECEPTOR_MEDIATED_STIMULATORY_SIGNALING_PATHWAY",31,"Up",0.00153735060282693,0.0711935216472512
"GOBP_NEGATIVE_REGULATION_OF_B_CELL_PROLIFERATION",16,"Up",0.00153815823163919,0.0711935216472512
"GOBP_NUCLEAR_PORE_ORGANIZATION",15,"Up",0.00154533565490928,0.0711935216472512
"GOBP_NEGATIVE_REGULATION_OF_ADAPTIVE_IMMUNE_RESPONSE",64,"Up",0.00154911191813279,0.0711935216472512
"GOBP_POSITIVE_REGULATION_OF_GRANULOCYTE_CHEMOTAXIS",27,"Up",0.00155399402938116,0.0711935216472512
"GOBP_REGULATION_OF_LYMPHOCYTE_MIGRATION",68,"Up",0.00157289146295829,0.0712363737425396
"GOBP_POSITIVE_REGULATION_OF_LYMPHOCYTE_CHEMOTAXIS",19,"Up",0.00158074689592009,0.0712363737425396
"GOBP_PROTEIN_RETENTION_IN_GOLGI_APPARATUS",5,"Up",0.00158303052761199,0.0712363737425396
"GOBP_REGULATION_OF_INTERLEUKIN_1_MEDIATED_SIGNALING_PATHWAY",9,"Up",0.00161008718646809,0.0718587983267263
"GOBP_LONG_CHAIN_FATTY_ACYL_COA_METABOLIC_PROCESS",25,"Up",0.00161575996237609,0.0718587983267263
"GOBP_REGULATION_OF_MITOCHONDRIAL_OUTER_MEMBRANE_PERMEABILIZATION_INVOLVED_IN_APOPTOTIC_SIGNALING_PATHWAY",22,"Down",0.00165372124615348,0.0731194771918443
"GOBP_NATURAL_KILLER_CELL_DIFFERENTIATION",24,"Up",0.00168354235657867,0.073778588702273
"GOBP_PHOSPHATIDYLINOSITOL_DEPHOSPHORYLATION",30,"Up",0.0016880308263242,0.073778588702273
"GOBP_INFLAMMATORY_RESPONSE_TO_ANTIGENIC_STIMULUS",77,"Up",0.0017286277646152,0.0751212237137063
"GOBP_NEGATIVE_REGULATION_OF_LYMPHOCYTE_MEDIATED_IMMUNITY",60,"Up",0.00177982592194478,0.076516640157219
"GOBP_INTERLEUKIN_10_PRODUCTION",60,"Up",0.0017870853850965,0.076516640157219
"GOBP_REGULATION_OF_INFLAMMATORY_RESPONSE_TO_ANTIGENIC_STIMULUS",43,"Up",0.00180011038662603,0.076516640157219
"GOBP_POSITIVE_REGULATION_OF_T_CELL_PROLIFERATION",101,"Up",0.00181395877604252,0.076516640157219
"GOBP_SISTER_CHROMATID_COHESION",59,"Up",0.00181697152553599,0.076516640157219
"GOBP_ACUTE_INFLAMMATORY_RESPONSE",105,"Up",0.00182110609710146,0.076516640157219
"GOBP_POSITIVE_REGULATION_OF_NATURAL_KILLER_CELL_MEDIATED_CYTOTOXICITY",29,"Up",0.00183862394931751,0.076828215025053
"GOBP_REGULATION_OF_PRODUCTION_OF_MOLECULAR_MEDIATOR_OF_IMMUNE_RESPONSE",189,"Up",0.00186151063708902,0.0773594994265684
"GOBP_LEUKOCYTE_CELL_CELL_ADHESION",411,"Up",0.0019029919866481,0.0783703893186638
"GOBP_POSITIVE_REGULATION_OF_T_CELL_MEDIATED_IMMUNITY",70,"Up",0.00193107500738475,0.0783703893186638
"GOBP_REGULATION_OF_PHOSPHATIDYLINOSITOL_DEPHOSPHORYLATION",6,"Up",0.00193276984669489,0.0783703893186638
"GOBP_NEGATIVE_REGULATION_OF_IMMUNE_RESPONSE",192,"Up",0.00193381520109354,0.0783703893186638
"GOBP_POSITIVE_REGULATION_OF_ISOTYPE_SWITCHING_TO_IGG_ISOTYPES",11,"Up",0.00193736136645743,0.0783703893186638
"GOBP_MHC_CLASS_II_BIOSYNTHETIC_PROCESS",19,"Up",0.00195568264393764,0.0784806951563804
"GOBP_POSITIVE_REGULATION_OF_RESPONSE_TO_BIOTIC_STIMULUS",393,"Up",0.00196072742665513,0.0784806951563804
"GOBP_B_1_B_CELL_DIFFERENTIATION",5,"Up",0.00201248479156029,0.0801306117267855
"GOBP_GOLGI_ORGANIZATION",155,"Up",0.00203039950413995,0.0804228553592932
"GOBP_HUMORAL_IMMUNE_RESPONSE_MEDIATED_BY_CIRCULATING_IMMUNOGLOBULIN",56,"Up",0.00204765844647767,0.0806174502606218
"GOBP_REGULATION_OF_CAMP_MEDIATED_SIGNALING",21,"Down",0.00205651352407109,0.0806174502606218
"GOBP_POSITIVE_REGULATION_OF_CHEMOKINE_PRODUCTION",71,"Up",0.00208421898786499,0.0812845405267346
"GOBP_NITRIC_OXIDE_TRANSPORT",5,"Up",0.00211549597750809,0.0820834025966786
"GOBP_INNATE_IMMUNE_RESPONSE_ACTIVATING_CELL_SURFACE_RECEPTOR_SIGNALING_PATHWAY",95,"Up",0.00213507869961337,0.0822905503703826
"GOBP_ISOTYPE_SWITCHING_TO_IGG_ISOTYPES",16,"Up",0.00214247586763126,0.0822905503703826
"GOBP_NEGATIVE_REGULATION_OF_DNA_TEMPLATED_TRANSCRIPTION_ELONGATION",22,"Down",0.00217807011938782,0.0832373028037405
"GOBP_REGULATION_OF_VITAMIN_D_BIOSYNTHETIC_PROCESS",7,"Up",0.0022675318913377,0.0862229001681162
"GOBP_REGULATION_OF_CD4_POSITIVE_ALPHA_BETA_T_CELL_ACTIVATION",79,"Up",0.00232335053969866,0.0879058748975537
"GOBP_REGULATION_OF_LEUKOCYTE_APOPTOTIC_PROCESS",87,"Up",0.00233897625450974,0.0880589822551809
"GOBP_T_HELPER_1_TYPE_IMMUNE_RESPONSE",48,"Up",0.00239376801607081,0.088714556732911
"GOBP_POSITIVE_REGULATION_OF_INFLAMMASOME_MEDIATED_SIGNALING_PATHWAY",22,"Up",0.00239927689370148,0.088714556732911
"GOBP_POSITIVE_REGULATION_OF_LEUKOCYTE_CELL_CELL_ADHESION",277,"Up",0.00240290585694844,0.088714556732911
"GOBP_POSITIVE_REGULATION_OF_CELL_ACTIVATION",377,"Up",0.00243456599338417,0.088714556732911
"GOBP_CELL_KILLING",232,"Up",0.00243692963030002,0.088714556732911
"GOBP_REGULATION_OF_RESPONSE_TO_BIOTIC_STIMULUS",528,"Up",0.00244038891669128,0.088714556732911
"GOBP_C21_STEROID_HORMONE_BIOSYNTHETIC_PROCESS",20,"Down",0.00244905930949045,0.088714556732911
"GOBP_NEGATIVE_REGULATION_OF_EPINEPHRINE_SECRETION",5,"Down",0.00245758985777417,0.088714556732911
"GOBP_T_HELPER_1_CELL_DIFFERENTIATION",23,"Up",0.00246137691921686,0.088714556732911
"GOBP_PRENYLATION",12,"Up",0.0024965317781234,0.089053159426233
"GOBP_PERICYTE_CELL_DIFFERENTIATION",11,"Down",0.00251080057227675,0.089053159426233
"GOBP_NEGATIVE_REGULATION_OF_URINE_VOLUME",5,"Down",0.00251126737408488,0.089053159426233
"GOBP_POSITIVE_REGULATION_OF_B_CELL_ACTIVATION",85,"Up",0.00251761068726366,0.089053159426233
"GOBP_PERIPHERAL_NERVOUS_SYSTEM_DEVELOPMENT",86,"Down",0.00255079466485974,0.0897833550843362
"GOBP_T_FOLLICULAR_HELPER_CELL_DIFFERENTIATION",7,"Up",0.00256186562173583,0.0897833550843362
"GOBP_POSITIVE_REGULATION_OF_INFLAMMATORY_RESPONSE",144,"Up",0.00260605624331202,0.089997135008517
"GOBP_NEGATIVE_REGULATION_OF_HUMORAL_IMMUNE_RESPONSE",17,"Up",0.00263514687414567,0.089997135008517
"GOBP_REGULATION_OF_CYTOPLASMIC_MRNA_PROCESSING_BODY_ASSEMBLY",8,"Up",0.00263691302916945,0.089997135008517
"GOBP_POSITIVE_REGULATION_OF_GRANULOCYTE_DIFFERENTIATION",8,"Up",0.00264412052305808,0.089997135008517
"GOBP_SENSORY_PERCEPTION_OF_BITTER_TASTE",46,"Up",0.00264586788740496,0.089997135008517
"GOBP_ALANINE_TRANSPORT",18,"Up",0.00264667789226066,0.089997135008517
"GOBP_CELL_ACTIVATION",1108,"Up",0.00265080318762759,0.089997135008517
"GOBP_REGULATION_OF_IMMUNE_EFFECTOR_PROCESS",392,"Up",0.00273316115829174,0.0923808471502608
"GOBP_LYMPHOCYTE_HOMEOSTASIS",76,"Up",0.00279268389819054,0.0939750488749516
"GOBP_POSITIVE_REGULATION_OF_INTERLEUKIN_12_PRODUCTION",43,"Up",0.00287561171197125,0.096339326297539
"GOBP_REGULATION_OF_T_CELL_ACTIVATION",383,"Up",0.00293731115984177,0.0977332562644994
"GOBP_B_CELL_PROLIFERATION_INVOLVED_IN_IMMUNE_RESPONSE",6,"Up",0.00294934974402399,0.0977332562644994
"GOBP_REGULATION_OF_LYMPHOCYTE_ACTIVATION",503,"Up",0.002955772378808,0.0977332562644994
"GOBP_NEGATIVE_REGULATION_OF_SERINE_TYPE_PEPTIDASE_ACTIVITY",5,"Up",0.0030203764681771,0.0985714714508023
"GOBP_LYMPHOCYTE_DIFFERENTIATION",430,"Up",0.00303475977055168,0.0985714714508023
"GOBP_REGULATION_OF_B_CELL_MEDIATED_IMMUNITY",63,"Up",0.00304382785777769,0.0985714714508023
"GOBP_ANTIGEN_PROCESSING_AND_PRESENTATION",117,"Up",0.0030459552201791,0.0985714714508023
"GOBP_T_HELPER_2_CELL_CYTOKINE_PRODUCTION",13,"Up",0.00305840952734027,0.0985714714508023
"GOBP_LYMPH_NODE_DEVELOPMENT",19,"Up",0.00305889115876257,0.0985714714508023
"GOBP_PROTEIN_FOLDING_IN_ENDOPLASMIC_RETICULUM",12,"Up",0.00313951561324855,0.100569930376424
"GOBP_NEGATIVE_REGULATION_OF_ACTIVATED_T_CELL_PROLIFERATION",14,"Up",0.00314735613801301,0.100569930376424
"GOBP_MITOTIC_SISTER_CHROMATID_SEPARATION",63,"Up",0.0031977326455872,0.101752120375275
"GOBP_PORE_COMPLEX_ASSEMBLY",20,"Up",0.00322310252820929,0.101926940827009
"GOBP_REGULATION_OF_CALCIUM_ION_IMPORT_ACROSS_PLASMA_MEMBRANE",11,"Up",0.0032347795642873,0.101926940827009
"GOBP_B_CELL_ACTIVATION_INVOLVED_IN_IMMUNE_RESPONSE",89,"Up",0.00325821828750848,0.101926940827009
"GOBP_INTRACELLULAR_OXYGEN_HOMEOSTASIS",8,"Up",0.00325915787183999,0.101926940827009
"GOBP_SPINDLE_ASSEMBLY_INVOLVED_IN_FEMALE_MEIOSIS",9,"Up",0.00328145014514906,0.101926940827009
"GOBP_POSITIVE_REGULATION_OF_LEUKOCYTE_APOPTOTIC_PROCESS",27,"Up",0.00328364240665577,0.101926940827009
"GOBP_POSITIVE_REGULATION_OF_CD4_POSITIVE_ALPHA_BETA_T_CELL_ACTIVATION",47,"Up",0.00330735968525655,0.102245814660065
"GOBP_INFLAMMATORY_CELL_APOPTOTIC_PROCESS",22,"Up",0.00333837793433851,0.102447732383076
"GOBP_COMPLEMENT_ACTIVATION_CLASSICAL_PATHWAY",42,"Up",0.00334164166454095,0.102447732383076
"GOBP_POSITIVE_REGULATION_OF_MHC_CLASS_II_BIOSYNTHETIC_PROCESS",14,"Up",0.00335430445277923,0.102447732383076
"GOBP_REGULATION_OF_TYPE_B_PANCREATIC_CELL_PROLIFERATION",13,"Down",0.00338942542337416,0.102945939284402
"GOBP_INFLAMMATORY_RESPONSE",838,"Up",0.00339768977782839,0.102945939284402
"GOBP_VITAMIN_D_BIOSYNTHETIC_PROCESS",10,"Up",0.0035486813165227,0.106209034782116
"GOBP_CELLULAR_EXTRAVASATION",74,"Up",0.00356486010309371,0.106209034782116
"GOBP_AMINOPHOSPHOLIPID_TRANSPORT",9,"Up",0.00357097776957126,0.106209034782116
"GOBP_NUCLEOTIDE_BINDING_OLIGOMERIZATION_DOMAIN_CONTAINING_1_SIGNALING_PATHWAY",8,"Up",0.0035782961603633,0.106209034782116
"GOBP_NEUROEPITHELIAL_CELL_DIFFERENTIATION",42,"Down",0.00359517669465085,0.106209034782116
"GOBP_SOMATIC_DIVERSIFICATION_OF_IMMUNE_RECEPTORS",79,"Up",0.00364745894403402,0.106209034782116
"GOBP_NEGATIVE_REGULATION_OF_CHROMOSOME_SEGREGATION",51,"Up",0.00365682163827747,0.106209034782116
"GOBP_ODONTOBLAST_DIFFERENTIATION",16,"Down",0.00367115222528462,0.106209034782116
"GOBP_NEGATIVE_REGULATION_OF_PHOSPHOLIPASE_ACTIVITY",7,"Up",0.00369542493622298,0.106209034782116
"GOBP_REGULATION_OF_B_CELL_DIFFERENTIATION",34,"Up",0.00369906627951636,0.106209034782116
"GOBP_REGULATION_OF_T_CELL_PROLIFERATION",178,"Up",0.00370122652606341,0.106209034782116
"GOBP_POSITIVE_REGULATION_OF_ANTIGEN_RECEPTOR_MEDIATED_SIGNALING_PATHWAY",27,"Up",0.00370918055714255,0.106209034782116
"GOBP_NATURAL_KILLER_CELL_MEDIATED_IMMUNITY",84,"Up",0.00371271811426452,0.106209034782116
"GOBP_SUGAR_MEDIATED_SIGNALING_PATHWAY",9,"Down",0.00373487463059164,0.106209034782116
"GOBP_MYELOID_DENDRITIC_CELL_DIFFERENTIATION",20,"Up",0.00375347743993496,0.106209034782116
"GOBP_GLUCOSAMINE_CONTAINING_COMPOUND_CATABOLIC_PROCESS",9,"Up",0.00375385016647518,0.106209034782116
"GOBP_LEUKOCYTE_PROLIFERATION",348,"Up",0.00377581349994775,0.106209034782116
"GOBP_CYTOKINE_PRODUCTION_INVOLVED_IN_IMMUNE_RESPONSE",122,"Up",0.00378312137356459,0.106209034782116
"GOBP_NEGATIVE_REGULATION_OF_MYOBLAST_DIFFERENTIATION",25,"Down",0.00378313596534816,0.106209034782116
"GOBP_POSITIVE_REGULATION_OF_ACUTE_INFLAMMATORY_RESPONSE",27,"Up",0.00378470064772565,0.106209034782116
"GOBP_REGULATION_OF_AMPA_RECEPTOR_ACTIVITY",19,"Down",0.00380300974968284,0.106330474802713
"GOBP_POSITIVE_T_CELL_SELECTION",45,"Up",0.00384496586582976,0.107109763405258
"GOBP_POSITIVE_REGULATION_OF_DEFENSE_RESPONSE",496,"Up",0.00388188139517936,0.107538654233566
"GOBP_NEGATIVE_REGULATION_OF_SERINE_TYPE_ENDOPEPTIDASE_ACTIVITY",4,"Up",0.00389310188282283,0.107538654233566
"GOBP_T_CELL_PROLIFERATION",212,"Up",0.0039027835067014,0.107538654233566
"GOBP_NEURAL_PLATE_MORPHOGENESIS",5,"Down",0.00392920768408071,0.107875900496151
"GOBP_SEBACEOUS_GLAND_DEVELOPMENT",10,"Up",0.00394609226927538,0.107949754344746
"GOBP_TOLL_LIKE_RECEPTOR_8_SIGNALING_PATHWAY",5,"Up",0.00400790390054159,0.108683040724678
"GOBP_POSITIVE_REGULATION_OF_ORGANIC_ACID_TRANSPORT",47,"Up",0.0040143935435027,0.108683040724678
"GOBP_RETROGRADE_TRANSPORT_VESICLE_RECYCLING_WITHIN_GOLGI",9,"Up",0.00401577047253575,0.108683040724678
"GOBP_MYELOID_LEUKOCYTE_MEDIATED_IMMUNITY",112,"Up",0.00403043734997656,0.108693177470113
"GOBP_POSITIVE_REGULATION_OF_CYTOPLASMIC_TRANSLATIONAL_INITIATION",5,"Up",0.00410092108813557,0.11020319743912
"GOBP_NEGATIVE_REGULATION_OF_PROTEIN_EXIT_FROM_ENDOPLASMIC_RETICULUM",10,"Up",0.00413259871462463,0.110663426847607
"GOBP_SEX_CHROMOSOME_DOSAGE_COMPENSATION",16,"Up",0.00416590257062277,0.111163821226618
"GOBP_CELL_ACTIVATION_INVOLVED_IN_IMMUNE_RESPONSE",310,"Up",0.0042082967611439,0.111902436603145
"GOBP_NUCLEAR_PORE_COMPLEX_ASSEMBLY",11,"Up",0.00423206045119064,0.112142229028937
"GOBP_PYROPTOSIS",36,"Up",0.00429154967154627,0.113086537211238
"GOBP_POSITIVE_REGULATION_OF_SYNAPSE_MATURATION",8,"Down",0.00430691132903126,0.113086537211238
"GOBP_COMPLEMENT_RECEPTOR_MEDIATED_SIGNALING_PATHWAY",15,"Up",0.00431230713889007,0.113086537211238
"GOBP_NEGATIVE_REGULATION_OF_INSULIN_LIKE_GROWTH_FACTOR_RECEPTOR_SIGNALING_PATHWAY",7,"Down",0.00433003263075756,0.113161162051241
"GOBP_REGULATION_OF_IMMUNOGLOBULIN_PRODUCTION",76,"Up",0.00437348229807398,0.113905249578262
"GOBP_REGULATION_OF_CELL_ACTIVATION",624,"Up",0.00439260552468192,0.114012849881249
"GOBP_MACROPHAGE_ACTIVATION",107,"Up",0.00442348979897118,0.114423945310122
"GOBP_T_CELL_DIFFERENTIATION",310,"Up",0.00454240703109839,0.117101713462723
"GOBP_POSITIVE_REGULATION_OF_SISTER_CHROMATID_COHESION",9,"Up",0.00458984370167964,0.117889138054149
"GOBP_POSITIVE_REGULATION_OF_TOLL_LIKE_RECEPTOR_2_SIGNALING_PATHWAY",6,"Up",0.00460531084507353,0.117889138054149
"GOBP_NUCLEOTIDE_BINDING_DOMAIN_LEUCINE_RICH_REPEAT_CONTAINING_RECEPTOR_SIGNALING_PATHWAY",29,"Up",0.00461945603420599,0.117889138054149
"GOBP_IMMUNOLOGICAL_SYNAPSE_FORMATION",17,"Up",0.00472412030135481,0.120156972882285
"GOBP_TRNA_DECAY",16,"Up",0.00475890719165911,0.120638297308558
"GOBP_DETECTION_OF_CHEMICAL_STIMULUS_INVOLVED_IN_SENSORY_PERCEPTION_OF_TASTE",48,"Up",0.00479334924199943,0.121107710914969
"GOBP_POSITIVE_REGULATION_OF_LYMPHOCYTE_MIGRATION",42,"Up",0.0048554577958667,0.122068829925976
"GOBP_POSITIVE_REGULATION_OF_RESPONSE_TO_EXTERNAL_STIMULUS",627,"Up",0.00486718200135041,0.122068829925976
"GOBP_VASCULAR_ASSOCIATED_SMOOTH_MUSCLE_CONTRACTION",24,"Up",0.00487954297139996,0.122068829925976
"GOBP_MITOCHONDRIAL_ELECTRON_TRANSPORT_NADH_TO_UBIQUINONE",50,"Down",0.00489838490672332,0.122138417100429
"GOBP_REGULATION_OF_ESTABLISHMENT_OR_MAINTENANCE_OF_CELL_POLARITY",26,"Up",0.00494347646513159,0.122859929795182
"GOBP_POSITIVE_REGULATION_OF_MONONUCLEAR_CELL_MIGRATION",92,"Up",0.00500089180646319,0.123882026671507
"GOBP_SEGMENT_SPECIFICATION",17,"Down",0.00508843738577509,0.125460939026127
"GOBP_REGULATION_OF_DEFENSE_RESPONSE",796,"Up",0.00511654907444051,0.125460939026127
"GOBP_SMOOTH_MUSCLE_CELL_MATRIX_ADHESION",6,"Down",0.0051343826186184,0.125460939026127
"GOBP_REGULATION_OF_ER_TO_GOLGI_VESICLE_MEDIATED_TRANSPORT",10,"Up",0.00514681934566222,0.125460939026127
"GOBP_COMPLEMENT_ACTIVATION",65,"Up",0.00514711544722571,0.125460939026127
"GOBP_PROTEIN_LOCALIZATION_TO_CHROMOSOME_TELOMERIC_REGION",31,"Up",0.00525298954684325,0.127632541545505
"GOBP_MONONUCLEAR_CELL_DIFFERENTIATION",520,"Up",0.00529545963360842,0.128254683164306
"GOBP_HUMORAL_IMMUNE_RESPONSE",283,"Up",0.00539009981145334,0.130132409733659
"GOBP_DETECTION_OF_BIOTIC_STIMULUS",37,"Up",0.00546621819952763,0.131375967554772
"GOBP_SRP_DEPENDENT_COTRANSLATIONAL_PROTEIN_TARGETING_TO_MEMBRANE_TRANSLOCATION",8,"Up",0.00549385428659412,0.131375967554772
"GOBP_INTERLEUKIN_3_MEDIATED_SIGNALING_PATHWAY",7,"Up",0.00550175365826498,0.131375967554772
"GOBP_POSITIVE_REGULATION_OF_NEURON_DIFFERENTIATION",91,"Down",0.00551070790926657,0.131375967554772
"GOBP_PROTON_MOTIVE_FORCE_DRIVEN_ATP_SYNTHESIS",76,"Down",0.00554274824944667,0.131726876365756
"GOBP_T_CELL_CHEMOTAXIS",26,"Up",0.00559429276003687,0.132484861628092
"GOBP_LEUKOCYTE_APOPTOTIC_PROCESS",115,"Up",0.00560948395059113,0.132484861628092
"GOBP_NEGATIVE_REGULATION_OF_LEUKOCYTE_MEDIATED_IMMUNITY",71,"Up",0.0056362399932343,0.132704659902622
"GOBP_NEGATIVE_REGULATION_OF_INTERLEUKIN_12_PRODUCTION",18,"Up",0.00569553764800976,0.133686925349118
"GOBP_POSITIVE_REGULATION_OF_RESPONSE_TO_TYPE_II_INTERFERON",6,"Up",0.00571858315436014,0.133814845812027
"GOBP_REGULATION_OF_MITOTIC_SISTER_CHROMATID_SEGREGATION",55,"Up",0.00577157912930626,0.134640672633049
"GOBP_ANTIGEN_PROCESSING_AND_PRESENTATION_OF_PEPTIDE_OR_POLYSACCHARIDE_ANTIGEN_VIA_MHC_CLASS_II",37,"Up",0.00579835687278009,0.134851694243097
"GOBP_POSITIVE_REGULATION_OF_MAINTENANCE_OF_SISTER_CHROMATID_COHESION",6,"Up",0.00581841585450326,0.134905648089931
"GOBP_CALCIUM_MEDIATED_SIGNALING",226,"Up",0.00584024287190452,0.135000142981258
"GOBP_REGULATION_OF_VITAMIN_METABOLIC_PROCESS",12,"Up",0.00588832145305428,0.135387859547391
"GOBP_VASCULAR_ASSOCIATED_SMOOTH_MUSCLE_CELL_DEVELOPMENT",12,"Down",0.00589262084289103,0.135387859547391
"GOBP_NOTOCHORD_DEVELOPMENT",19,"Down",0.00592513802273091,0.135724923683339
"GOBP_POSITIVE_REGULATION_OF_NATURAL_KILLER_CELL_MEDIATED_IMMUNITY",35,"Up",0.00602038479064378,0.136622525882499
"GOBP_SCHWANN_CELL_DIFFERENTIATION",49,"Down",0.00603253969489433,0.136622525882499
"GOBP_THIOESTER_BIOSYNTHETIC_PROCESS",47,"Up",0.00603275744737035,0.136622525882499
"GOBP_COLLAGEN_BIOSYNTHETIC_PROCESS",42,"Down",0.00603618260309265,0.136622525882499
"GOBP_ATP_SYNTHESIS_COUPLED_ELECTRON_TRANSPORT",100,"Down",0.00606581193831946,0.136806719206798
"GOBP_CHEMOKINE_PRODUCTION",95,"Up",0.00608029863141325,0.136806719206798
"GOBP_REGULATION_OF_SMOOTH_MUSCLE_CELL_DIFFERENTIATION",36,"Down",0.00612320354480089,0.1373656724431
"GOBP_NEGATIVE_REGULATION_OF_VITAMIN_METABOLIC_PROCESS",7,"Up",0.00617050131032623,0.137769482717104
"GOBP_POSITIVE_REGULATION_OF_CALCIUM_ION_IMPORT_ACROSS_PLASMA_MEMBRANE",9,"Up",0.00617743505674325,0.137769482717104
"GOBP_REGULATION_OF_IMMUNE_SYSTEM_PROCESS",1578,"Up",0.00624321967412318,0.138742549932615
"GOBP_PLATELET_DEGRANULATION",7,"Up",0.0062575535341074,0.138742549932615
"GOBP_NEGATIVE_REGULATION_OF_CHROMOSOME_ORGANIZATION",95,"Up",0.00629087955030112,0.138745786641186
"GOBP_PROTEIN_LOCALIZATION_TO_CONDENSED_CHROMOSOME",15,"Up",0.00629418755965935,0.138745786641186
"GOBP_POSITIVE_REGULATION_OF_MITOCHONDRIAL_OUTER_MEMBRANE_PERMEABILIZATION_INVOLVED_IN_APOPTOTIC_SIGNALING_PATHWAY",8,"Down",0.00639060007258131,0.140463911999945
"GOBP_METANEPHRIC_GLOMERULAR_MESANGIUM_DEVELOPMENT",5,"Down",0.00651735025869933,0.142817390664014
"GOBP_ELASTIC_FIBER_ASSEMBLY",10,"Down",0.00653543347994395,0.142817390664014
"GOBP_RESPONSE_TO_HUMAN_CHORIONIC_GONADOTROPIN",5,"Up",0.00655401306268784,0.142817390664014
"GOBP_GLYCOSYLATION",243,"Up",0.00670188708044905,0.145622432133757
"GOBP_TRIF_DEPENDENT_TOLL_LIKE_RECEPTOR_SIGNALING_PATHWAY",11,"Up",0.00681157094807347,0.147550625762665
"GOBP_POSITIVE_REGULATION_OF_RESPIRATORY_BURST",9,"Up",0.00686021027435852,0.147550625762665
"GOBP_REGULATION_OF_NATURAL_KILLER_CELL_CHEMOTAXIS",8,"Up",0.00687294548134849,0.147550625762665
"GOBP_REGULATION_OF_COMPLEMENT_DEPENDENT_CYTOTOXICITY",11,"Up",0.00689495345522945,0.147550625762665
"GOBP_COTRANSLATIONAL_PROTEIN_TARGETING_TO_MEMBRANE",22,"Up",0.00690135717492707,0.147550625762665
"GOBP_POSITIVE_REGULATION_OF_TRIGLYCERIDE_LIPASE_ACTIVITY",8,"Down",0.00690703783977759,0.147550625762665
"GOBP_OXIDATIVE_PHOSPHORYLATION",146,"Down",0.00694855486764522,0.148021736046056
"GOBP_ANTIGEN_PROCESSING_AND_PRESENTATION_OF_PEPTIDE_ANTIGEN",73,"Up",0.00705180565302028,0.149801625673797
"GOBP_POSITIVE_REGULATION_OF_IMMUNOGLOBULIN_PRODUCTION",54,"Up",0.00710908558317381,0.14993276958895
"GOBP_METANEPHRIC_NEPHRON_DEVELOPMENT",41,"Down",0.00711341937401625,0.14993276958895
"GOBP_URETER_MORPHOGENESIS",7,"Down",0.00711712423689823,0.14993276958895
"GOBP_POSITIVE_REGULATION_OF_LEUKOCYTE_MIGRATION",150,"Up",0.00723457877995014,0.151986109451715
"GOBP_SRP_DEPENDENT_COTRANSLATIONAL_PROTEIN_TARGETING_TO_MEMBRANE",17,"Up",0.00728014933520883,0.152374295866117
"GOBP_PROTEIN_N_LINKED_GLYCOSYLATION",72,"Up",0.0072931286910278,0.152374295866117
"GOBP_POSITIVE_REGULATION_OF_MONOCYTE_CHEMOTACTIC_PROTEIN_1_PRODUCTION",14,"Up",0.00735977794346481,0.153345510301507
"GOBP_ANTIGEN_PROCESSING_AND_PRESENTATION_OF_EXOGENOUS_PEPTIDE_ANTIGEN_VIA_MHC_CLASS_II",31,"Up",0.00745954659624698,0.154999595258083
"GOBP_IRON_IMPORT_INTO_CELL",9,"Up",0.00752434430099393,0.155615148726042
"GOBP_LUNG_VASCULATURE_DEVELOPMENT",9,"Down",0.00753009529667108,0.155615148726042
"GOBP_NEGATIVE_REGULATION_OF_IMMUNE_SYSTEM_PROCESS",504,"Up",0.00763347227199996,0.156269309194892
"GOBP_EPITHELIAL_MESENCHYMAL_CELL_SIGNALING",5,"Down",0.0076382043792747,0.156269309194892
"GOBP_IMMUNE_SYSTEM_DEVELOPMENT",200,"Up",0.0076416866155967,0.156269309194892
"GOBP_POSITIVE_REGULATION_OF_CELL_CELL_ADHESION",326,"Up",0.00764394254049963,0.156269309194892
"GOBP_REGULATION_OF_CYTOPLASMIC_TRANSLATIONAL_INITIATION",8,"Up",0.00768532275827168,0.156347090658909
"GOBP_REGULATION_OF_VASCULAR_ASSOCIATED_SMOOTH_MUSCLE_CELL_DEDIFFERENTIATION",2,"Down",0.00768886415600682,0.156347090658909
"GOBP_POSITIVE_REGULATION_OF_FATTY_ACID_TRANSPORT",24,"Up",0.00783612287547527,0.158916571914638
"GOBP_INTERLEUKIN_1_PRODUCTION",111,"Up",0.00796586216317474,0.159981667082908
"GOBP_POSITIVE_REGULATION_OF_B_CELL_MEDIATED_IMMUNITY",43,"Up",0.00797762553466898,0.159981667082908
"GOBP_REGULATION_OF_PROTEIN_LOCALIZATION_TO_CELL_CORTEX",9,"Down",0.00798387451111348,0.159981667082908
"GOBP_INSULIN_PROCESSING",8,"Up",0.00798760633840019,0.159981667082908
"GOBP_CHROMOSOME_SEPARATION",82,"Up",0.00803378940635144,0.159981667082908
"GOBP_ACYL_COA_METABOLIC_PROCESS",95,"Up",0.00803937320475199,0.159981667082908
"GOBP_NEGATIVE_REGULATION_OF_T_CELL_MEDIATED_IMMUNE_RESPONSE_TO_TUMOR_CELL",5,"Up",0.0080532079520796,0.159981667082908
"GOBP_CELLULAR_RESPONSE_TO_ETHANOL",14,"Up",0.00805693339812673,0.159981667082908
"GOBP_ERBB2_ERBB4_SIGNALING_PATHWAY",5,"Down",0.0081240085808489,0.160893451191031
"GOBP_RESPONSE_TO_AMYLOID_BETA",50,"Up",0.00815096231168732,0.161007969819174
"GOBP_COLLAGEN_FIBRIL_ORGANIZATION",66,"Down",0.0081785732624517,0.161134843681205
"GOBP_XENOBIOTIC_TRANSPORT_ACROSS_BLOOD_BRAIN_BARRIER",6,"Up",0.0082306660382334,0.161742158193191
"GOBP_CYCLIC_NUCLEOTIDE_TRANSPORT",11,"Up",0.0082593598694841,0.161887710843883
"GOBP_V_D_J_RECOMBINATION",19,"Up",0.00829802277109775,0.162226881793229
"GOBP_NEGATIVE_REGULATION_OF_INFLAMMATORY_RESPONSE_TO_ANTIGENIC_STIMULUS",28,"Up",0.00831932727144766,0.162226881793229
"GOBP_VERY_LONG_CHAIN_FATTY_ACID_METABOLIC_PROCESS",35,"Up",0.00836740794352261,0.162335979317243
"GOBP_REGULATION_OF_LIPOPROTEIN_LIPASE_ACTIVITY",12,"Down",0.00836761392404461,0.162335979317243
"GOBP_NEUROINFLAMMATORY_RESPONSE",77,"Up",0.00839317908305284,0.162389367629682
"GOBP_NEGATIVE_REGULATION_OF_VASCULAR_ENDOTHELIAL_CELL_PROLIFERATION",5,"Up",0.00841307177463443,0.162389367629682
"GOBP_CONVERGENT_EXTENSION_INVOLVED_IN_ORGANOGENESIS",5,"Down",0.00847467248848984,0.162472298948972
"GOBP_PROTEIN_LOCALIZATION_TO_CENP_A_CONTAINING_CHROMATIN",17,"Down",0.0084754513568727,0.162472298948972
"GOBP_P_BODY_ASSEMBLY",23,"Up",0.00848145991883523,0.162472298948972
"GOBP_HEMATOPOIETIC_STEM_CELL_MIGRATION",9,"Up",0.00853024218524307,0.162996210599933
"GOBP_REGULATION_OF_T_HELPER_1_TYPE_IMMUNE_RESPONSE",31,"Up",0.0086446504754903,0.164768338010285
"GOBP_REGULATION_OF_T_CELL_APOPTOTIC_PROCESS",40,"Up",0.00870883529419379,0.165289606927165
"GOBP_PROTEIN_GERANYLGERANYLATION",7,"Up",0.00872744127201335,0.165289606927165
"GOBP_MEMBRANE_LIPID_CATABOLIC_PROCESS",49,"Up",0.00873720210186986,0.165289606927165
"GOBP_REGULATORY_T_CELL_DIFFERENTIATION",39,"Up",0.00886709972461318,0.16653519379501
"GOBP_POSITIVE_REGULATION_OF_CYSTEINE_TYPE_ENDOPEPTIDASE_ACTIVITY",125,"Up",0.00887857070180512,0.16653519379501
"GOBP_REGULATION_OF_PLATELET_AGGREGATION",29,"Up",0.00887863409431452,0.16653519379501
"GOBP_TUMOR_NECROSIS_FACTOR_SUPERFAMILY_CYTOKINE_PRODUCTION",174,"Up",0.00889063624993742,0.16653519379501
"GOBP_METANEPHRIC_GLOMERULUS_DEVELOPMENT",17,"Down",0.00891407163946619,0.166563918472089
"GOBP_POSITIVE_REGULATION_OF_CYTOPLASMIC_MRNA_PROCESSING_BODY_ASSEMBLY",6,"Up",0.00905622538914281,0.168805377657919
"GOBP_REGULATION_OF_CORE_PROMOTER_BINDING",5,"Up",0.00923109565966636,0.171644211471302
"GOBP_CORTISOL_METABOLIC_PROCESS",12,"Down",0.00926952780838582,0.171938436543352
"GOBP_ZINC_ION_IMPORT_ACROSS_PLASMA_MEMBRANE",10,"Up",0.00931470264890298,0.172355994269847
"GOBP_KINETOCHORE_ORGANIZATION",21,"Up",0.00936632670256462,0.172472427391695
"GOBP_PROXIMAL_DISTAL_PATTERN_FORMATION_INVOLVED_IN_NEPHRON_DEVELOPMENT",5,"Down",0.00936635273014728,0.172472427391695
"GOBP_NUCLEAR_TRANSCRIBED_MRNA_CATABOLIC_PROCESS_DEADENYLATION_DEPENDENT_DECAY",61,"Up",0.00939725800416548,0.17262354377217
"GOBP_NEUTROPHIL_MEDIATED_KILLING_OF_SYMBIONT_CELL",13,"Up",0.00959188102842669,0.174610539496957
"GOBP_MAINTENANCE_OF_SISTER_CHROMATID_COHESION",13,"Up",0.00959196407865541,0.174610539496957
"GOBP_RELAXATION_OF_CARDIAC_MUSCLE",17,"Up",0.00959396680512864,0.174610539496957
"GOBP_POSITIVE_REGULATION_OF_MACROPHAGE_ACTIVATION",27,"Up",0.00959726568175255,0.174610539496957
"GOBP_POSITIVE_REGULATION_OF_T_HELPER_1_TYPE_IMMUNE_RESPONSE",18,"Up",0.00963885946470331,0.174937672005792
"GOBP_DEADENYLATION_DEPENDENT_DECAPPING_OF_NUCLEAR_TRANSCRIBED_MRNA",11,"Up",0.00967830470293247,0.174937672005792
"GOBP_REGULATION_OF_ALPHA_BETA_T_CELL_ACTIVATION",116,"Up",0.00969679194286941,0.174937672005792
"GOBP_MACROPHAGE_DIFFERENTIATION",61,"Up",0.00970725806527866,0.174937672005792
"GOBP_T_HELPER_1_CELL_CYTOKINE_PRODUCTION",8,"Up",0.00977009105968948,0.175653764796545
"GOBP_TAIL_ANCHORED_MEMBRANE_PROTEIN_INSERTION_INTO_ER_MEMBRANE",17,"Down",0.00987659104121501,0.177149704878397
"GOBP_FATTY_ACYL_COA_BIOSYNTHETIC_PROCESS",27,"Up",0.0099523333385454,0.178088223622677
"GOBP_METANEPHRIC_GLOMERULUS_VASCULATURE_DEVELOPMENT",9,"Down",0.0100856439130285,0.179811107000288
"GOBP_REGULATION_OF_INFLAMMATORY_RESPONSE",383,"Up",0.0101029133516343,0.179811107000288
"GOBP_REGULATION_OF_GROWTH_HORMONE_RECEPTOR_SIGNALING_PATHWAY",6,"Up",0.0101195468502463,0.179811107000288
"GOBP_RESPONSE_TO_PROTOZOAN",30,"Up",0.0102683754225064,0.182030291580795
"GOBP_NEGATIVE_REGULATION_OF_MUSCLE_TISSUE_DEVELOPMENT",12,"Down",0.0103335357802945,0.182428008709403
"GOBP_DENDRITIC_CELL_ANTIGEN_PROCESSING_AND_PRESENTATION",16,"Up",0.0103387865553916,0.182428008709403
"GOBP_POSITIVE_REGULATION_OF_CHEMOTAXIS",142,"Up",0.0105158078453533,0.184073498481593
"GOBP_REGULATION_OF_DNA_DAMAGE_CHECKPOINT",21,"Up",0.0105169623316427,0.184073498481593
"GOBP_REGULATION_OF_CHROMOSOME_SEGREGATION",131,"Up",0.0105212733137931,0.184073498481593
"GOBP_NUCLEAR_TRANSCRIBED_MRNA_CATABOLIC_PROCESS",123,"Up",0.0105445525857455,0.184073498481593
"GOBP_CD4_POSITIVE_CD25_POSITIVE_ALPHA_BETA_REGULATORY_T_CELL_DIFFERENTIATION",10,"Up",0.0105554199725741,0.184073498481593
"GOBP_REGULATION_OF_CHROMOSOME_ORGANIZATION",248,"Up",0.0105777027274819,0.184073498481593
"GOBP_INTERMEDIATE_FILAMENT_ORGANIZATION",73,"Down",0.0106014717074211,0.184073498481593
"GOBP_LYMPHOCYTE_COSTIMULATION",49,"Up",0.0106497454116444,0.184490464363453
"GOBP_POSITIVE_REGULATION_OF_ALPHA_BETA_T_CELL_ACTIVATION",74,"Up",0.0109010688186487,0.1876960151622
"GOBP_COPPER_ION_TRANSMEMBRANE_TRANSPORT",8,"Up",0.0109048231233277,0.1876960151622
"GOBP_REGULATION_OF_MACROPHAGE_ACTIVATION",58,"Up",0.0109088282316492,0.1876960151622
"GOBP_EXTRACELLULAR_MATRIX_ASSEMBLY",46,"Down",0.0110923305851008,0.190262098450383
"GOBP_CYTOKINE_PRODUCTION",782,"Up",0.0111479943667197,0.190262098450383
"GOBP_FAT_SOLUBLE_VITAMIN_BIOSYNTHETIC_PROCESS",13,"Up",0.0111508328317646,0.190262098450383
"GOBP_POSITIVE_REGULATION_OF_MITOCHONDRIAL_MEMBRANE_PERMEABILITY",39,"Down",0.0111580402247036,0.190262098450383
"GOBP_REGULATION_OF_CELL_CELL_ADHESION",490,"Up",0.0112381939809863,0.190516958406606
"GOBP_INTERLEUKIN_27_MEDIATED_SIGNALING_PATHWAY",7,"Up",0.0112422111285874,0.190516958406606
"GOBP_NUCLEOSIDE_BISPHOSPHATE_BIOSYNTHETIC_PROCESS",57,"Up",0.0112481412655576,0.190516958406606
"GOBP_NEGATIVE_REGULATION_OF_PHOSPHOLIPID_BIOSYNTHETIC_PROCESS",4,"Down",0.0113217662223347,0.191337849157456
"GOBP_CELLULAR_RESPONSE_TO_THYROID_HORMONE_STIMULUS",12,"Up",0.0113700902949803,0.191526221953943
"GOBP_NEGATIVE_REGULATION_OF_T_CELL_MEDIATED_CYTOTOXICITY",10,"Up",0.0113951586623553,0.191526221953943
"GOBP_COMMA_SHAPED_BODY_MORPHOGENESIS",5,"Down",0.0114084652919311,0.191526221953943
"GOBP_CELLULAR_COMPONENT_DISASSEMBLY_INVOLVED_IN_EXECUTION_PHASE_OF_APOPTOSIS",32,"Down",0.0115681750233641,0.193779671922211
"GOBP_NEURON_GLIAL_CELL_SIGNALING",5,"Down",0.011626421370172,0.194327328615732
"GOBP_NEGATIVE_REGULATION_OF_SMOOTH_MUSCLE_CONTRACTION",12,"Up",0.0116825628625728,0.194837479319882
"GOBP_HISTONE_MRNA_CATABOLIC_PROCESS",15,"Up",0.0117719034000064,0.195897867302075
"GOBP_DNA_TEMPLATED_DNA_REPLICATION_MAINTENANCE_OF_FIDELITY",59,"Up",0.0118280028545819,0.196401663120296
"GOBP_DIAPEDESIS",7,"Up",0.0119051814876693,0.197137724085436
"GOBP_T_CELL_MEDIATED_CYTOTOXICITY",61,"Up",0.0119241752898489,0.197137724085436
"GOBP_REGULATION_OF_RESPONSE_TO_EXTERNAL_STIMULUS",1066,"Up",0.0120827286011107,0.199316499430912
"GOBP_POSITIVE_REGULATION_OF_PROTEIN_POLYUBIQUITINATION",17,"Up",0.01213440096203,0.199316499430912
"GOBP_LEUKOCYTE_DIFFERENTIATION",620,"Up",0.0121345876708103,0.199316499430912
"GOBP_ANTERIOR_POSTERIOR_PATTERN_SPECIFICATION",217,"Down",0.0123274569459227,0.202048082055478
"GOBP_UBIQUITIN_DEPENDENT_PROTEIN_CATABOLIC_PROCESS_VIA_THE_MULTIVESICULAR_BODY_SORTING_PATHWAY",37,"Down",0.012572445681495,0.205365010727993
"GOBP_RESPONSE_TO_YEAST",7,"Up",0.012606044884761,0.205365010727993
"GOBP_ATP_BIOSYNTHETIC_PROCESS",98,"Down",0.0126108428678465,0.205365010727993
"GOBP_L_ALANINE_TRANSPORT",11,"Up",0.0126959870311367,0.206309789255971
"GOBP_REGULATION_OF_NATURAL_KILLER_CELL_MEDIATED_IMMUNITY",54,"Up",0.013183005174665,0.213767066851443
"GOBP_METANEPHRIC_NEPHRON_TUBULE_MORPHOGENESIS",8,"Down",0.0133917057014415,0.216596176449116
"GOBP_INTERMEDIATE_FILAMENT_BASED_PROCESS",95,"Down",0.0134295184132628,0.216596176449116
"GOBP_RESPONSE_TO_MOLECULE_OF_BACTERIAL_ORIGIN",351,"Up",0.0134604641056754,0.216596176449116
"GOBP_REGULATION_OF_TYPE_2_IMMUNE_RESPONSE",34,"Up",0.0134713992715887,0.216596176449116
"GOBP_REGULATION_OF_MYELOID_DENDRITIC_CELL_ACTIVATION",5,"Up",0.0135089835063335,0.216742235370605
"GOBP_MATURE_B_CELL_DIFFERENTIATION_INVOLVED_IN_IMMUNE_RESPONSE",32,"Up",0.0136792266302067,0.218576931876061
"GOBP_NEGATIVE_REGULATION_OF_B_CELL_RECEPTOR_SIGNALING_PATHWAY",7,"Up",0.0136808178268251,0.218576931876061
"GOBP_REGULATION_OF_PHOSPHATIDYLINOSITOL_BIOSYNTHETIC_PROCESS",5,"Down",0.0137586054727025,0.219358898574218
"GOBP_VERY_LONG_CHAIN_FATTY_ACID_BIOSYNTHETIC_PROCESS",13,"Up",0.0140051238521026,0.222822106475398
"GOBP_REGULATION_OF_T_CELL_MIGRATION",48,"Up",0.0140860597587777,0.223542786854478
"GOBP_PEPTIDYL_LYSINE_HYDROXYLATION",8,"Down",0.0141092094267126,0.223542786854478
"GOBP_NEGATIVE_REGULATION_OF_HUMORAL_IMMUNE_RESPONSE_MEDIATED_BY_CIRCULATING_IMMUNOGLOBULIN",11,"Up",0.0142175192044255,0.22438640125972
"GOBP_POSITIVE_REGULATION_OF_AMYLOID_PRECURSOR_PROTEIN_CATABOLIC_PROCESS",24,"Up",0.0142502590489554,0.22438640125972
"GOBP_CELLULAR_DEFENSE_RESPONSE",52,"Up",0.014250970651998,0.22438640125972
"GOBP_REGULATION_OF_CYSTEINE_TYPE_ENDOPEPTIDASE_ACTIVITY",185,"Up",0.0143212416675435,0.22499999019627
"GOBP_CYTOKINE_MEDIATED_SIGNALING_PATHWAY",508,"Up",0.0143491118008141,0.22499999019627
"GOBP_POSITIVE_REGULATION_OF_HUMORAL_IMMUNE_RESPONSE",21,"Up",0.0144518624096165,0.225722220069075
"GOBP_POSITIVE_REGULATION_OF_PROTEIN_UBIQUITINATION",106,"Up",0.0144672848521745,0.225722220069075
"GOBP_LEUKOCYTE_ADHESION_TO_VASCULAR_ENDOTHELIAL_CELL",48,"Up",0.0145037805502029,0.225722220069075
"GOBP_NEGATIVE_REGULATION_OF_TYPE_II_INTERFERON_PRODUCTION",42,"Up",0.0145138942292936,0.225722220069075
"GOBP_RESPONSE_TO_BACTERIUM",720,"Up",0.0145814392335358,0.226309888512326
"GOBP_THYMIC_T_CELL_SELECTION",24,"Up",0.0146665052503643,0.227072346236362
"GOBP_DETECTION_OF_BACTERIUM",16,"Up",0.0146902819655871,0.227072346236362
"GOBP_NEGATIVE_REGULATION_OF_LYMPHOCYTE_MIGRATION",15,"Up",0.0149225190305996,0.230194233727606
"GOBP_CELLULAR_RESPONSE_TO_TYPE_II_INTERFERON",95,"Up",0.0149640050140302,0.230366919294938
"GOBP_NEGATIVE_REGULATION_OF_PHOSPHOLIPID_METABOLIC_PROCESS",5,"Down",0.014994966493627,0.230377212492996
"GOBP_MINERALOCORTICOID_BIOSYNTHETIC_PROCESS",12,"Down",0.0150368353141436,0.230554702750126
"GOBP_PROTEIN_PROCESSING",243,"Up",0.0150943246709764,0.230970501253069
"GOBP_POSITIVE_REGULATION_OF_TYPE_2_IMMUNE_RESPONSE",18,"Up",0.0151913607259907,0.231616569790207
"GOBP_NEURON_FATE_COMMITMENT",73,"Down",0.0151974580309419,0.231616569790207
"GOBP_SENSORY_PERCEPTION_OF_SMELL",452,"Down",0.0152295379952152,0.231641272907223
"GOBP_REGULATION_OF_COMPLEMENT_ACTIVATION_CLASSICAL_PATHWAY",9,"Up",0.0153516902372372,0.23303314222393
"GOBP_NEGATIVE_REGULATION_OF_MITOCHONDRIAL_OUTER_MEMBRANE_PERMEABILIZATION_INVOLVED_IN_APOPTOTIC_SIGNALING_PATHWAY",14,"Down",0.0155100173752923,0.234967494300991
"GOBP_HOMEOSTASIS_OF_NUMBER_OF_CELLS",320,"Up",0.0155746256228289,0.235477192567821
"GOBP_QUATERNARY_AMMONIUM_GROUP_TRANSPORT",18,"Up",0.0156055971852442,0.235477314670203
"GOBP_REGULATION_OF_GONAD_DEVELOPMENT",13,"Down",0.0157149569511701,0.236260282430973
"GOBP_CELL_SURFACE_PATTERN_RECOGNITION_RECEPTOR_SIGNALING_PATHWAY",74,"Up",0.0157196190545789,0.236260282430973
"GOBP_PEPTIDE_METABOLIC_PROCESS",77,"Up",0.0157589315852105,0.236383973778157
"GOBP_NUCLEOSIDE_BISPHOSPHATE_METABOLIC_PROCESS",123,"Up",0.015801292670762,0.236516217652897
"GOBP_NEGATIVE_REGULATION_OF_T_CELL_APOPTOTIC_PROCESS",24,"Up",0.0158299480322583,0.236516217652897
"GOBP_7_METHYLGUANOSINE_RNA_CAPPING",8,"Up",0.0159411184020834,0.236903405542748
"GOBP_AMINOPHOSPHOLIPID_TRANSLOCATION",7,"Up",0.0159574450412053,0.236903405542748
"GOBP_DETECTION_OF_EXTERNAL_BIOTIC_STIMULUS",26,"Up",0.0159641592410197,0.236903405542748
"GOBP_REGULATION_OF_MONONUCLEAR_CELL_MIGRATION",139,"Up",0.0159804664093925,0.236903405542748
"GOBP_NEUTROPHIL_EXTRAVASATION",14,"Up",0.016033112998503,0.237221448158784
"GOBP_REGULATION_OF_CELL_CYCLE_CHECKPOINT",45,"Up",0.0161797991839338,0.238926937463721
"GOBP_TAXIS",462,"Up",0.0162712359173398,0.239811529363118
"GOBP_NEGATIVE_REGULATION_OF_LEUKOCYTE_APOPTOTIC_PROCESS",54,"Up",0.0164339407413839,0.241741043207397
"GOBP_PHAGOCYTOSIS",236,"Up",0.0165008048921257,0.242256025491536
"GOBP_MESANGIAL_CELL_DIFFERENTIATION",7,"Down",0.0165335172769737,0.242268591312881
"GOBP_VIRAL_BUDDING",26,"Down",0.0165963908909167,0.242387785896009
"GOBP_ESTABLISHMENT_OF_PROTEIN_LOCALIZATION_TO_ENDOPLASMIC_RETICULUM",40,"Up",0.0166053959831454,0.242387785896009
"GOBP_NEGATIVE_REGULATION_OF_LYMPHOCYTE_ACTIVATION",162,"Up",0.0166421395677887,0.242458757496232
"GOBP_OTOLITH_MORPHOGENESIS",5,"Up",0.0167910332690825,0.244157792155218
"GOBP_ATTACHMENT_OF_SPINDLE_MICROTUBULES_TO_KINETOCHORE",53,"Up",0.0168229695055009,0.244157792155218
"GOBP_TYPE_2_IMMUNE_RESPONSE",42,"Up",0.0169002893999513,0.24481276359358
"GOBP_MICROTUBULE_BASED_PROTEIN_TRANSPORT",14,"Down",0.0171618817331821,0.248129487796293
"GOBP_MONOCYTE_CHEMOTAXIS",52,"Up",0.0172313743468677,0.24866148369626
"GOBP_TOLERANCE_INDUCTION",30,"Up",0.0174201078912607,0.250391703839002
"GOBP_NEGATIVE_REGULATION_OF_MEMBRANE_PERMEABILITY",21,"Down",0.0174612545706874,0.250391703839002
"GOBP_FATTY_ACID_ELONGATION_SATURATED_FATTY_ACID",8,"Up",0.0174688415933794,0.250391703839002
"GOBP_RANDOM_INACTIVATION_OF_X_CHROMOSOME",7,"Up",0.0174829710372794,0.250391703839002
"GOBP_REGULATION_OF_MITOCHONDRIAL_MEMBRANE_PERMEABILITY_INVOLVED_IN_APOPTOTIC_PROCESS",41,"Down",0.0175650857600441,0.25109488196454
"GOBP_DOUBLE_STRAND_BREAK_REPAIR_VIA_ALTERNATIVE_NONHOMOLOGOUS_END_JOINING",8,"Up",0.0177056739443345,0.252276509225346
"GOBP_OLEFINIC_COMPOUND_BIOSYNTHETIC_PROCESS",28,"Down",0.0177533271563016,0.252276509225346
"GOBP_GLUCOSYLCERAMIDE_METABOLIC_PROCESS",7,"Up",0.017756319722977,0.252276509225346
"GOBP_LEUKOCYTE_ADHESION_TO_ARTERIAL_ENDOTHELIAL_CELL",5,"Up",0.017780435101221,0.252276509225346
"GOBP_POSITIVE_REGULATION_OF_LEUKOCYTE_ADHESION_TO_VASCULAR_ENDOTHELIAL_CELL",24,"Up",0.0178219914530548,0.252395242086558
"GOBP_INTERSTRAND_CROSS_LINK_REPAIR",41,"Up",0.0179371793813815,0.253554366534213
"GOBP_POSITIVE_REGULATION_OF_FEVER_GENERATION",7,"Up",0.0180014091563313,0.253768856080914
"GOBP_REGULATION_OF_MITOCHONDRIAL_MEMBRANE_PERMEABILITY",53,"Down",0.0180705529976824,0.253768856080914
"GOBP_APOPTOTIC_PROCESS_IN_BONE_MARROW_CELL",5,"Up",0.0180873600596646,0.253768856080914
"GOBP_GUANINE_NUCLEOTIDE_TRANSPORT",11,"Up",0.0181288951539087,0.253768856080914
"GOBP_SMOOTH_MUSCLE_CELL_DIFFERENTIATION",65,"Down",0.0181441529001701,0.253768856080914
"GOBP_METHYLGLYOXAL_METABOLIC_PROCESS",6,"Down",0.0181551178442936,0.253768856080914
"GOBP_REGULATION_OF_HOMOTYPIC_CELL_CELL_ADHESION",36,"Up",0.0181859338019853,0.253768856080914
"GOBP_GEPHYRIN_CLUSTERING_INVOLVED_IN_POSTSYNAPTIC_DENSITY_ASSEMBLY",5,"Down",0.0182313901112866,0.253937219407206
"GOBP_DENTINOGENESIS",6,"Down",0.0183891755163523,0.255666690679816
"GOBP_MITOCHONDRIAL_OUTER_MEMBRANE_PERMEABILIZATION",31,"Down",0.0184559390027633,0.256126671744553
"GOBP_LIVER_MORPHOGENESIS",25,"Up",0.0187055282153671,0.25901121158191
"GOBP_L_GLUTAMINE_IMPORT_ACROSS_PLASMA_MEMBRANE",5,"Up",0.018731908792906,0.25901121158191
"GOBP_DNA_CONFORMATION_CHANGE",90,"Up",0.0189021358900503,0.260890641458861
"GOBP_NEGATIVE_REGULATION_OF_VITAMIN_D_BIOSYNTHETIC_PROCESS",5,"Up",0.0189452850762068,0.261012487327088
"GOBP_REGULATION_OF_LEUKOCYTE_MIGRATION",227,"Up",0.0192724971082491,0.264951047694784
"GOBP_VIRION_ASSEMBLY",35,"Down",0.0193008389773715,0.264951047694784
"GOBP_INTERFERON_ALPHA_PRODUCTION",29,"Up",0.0194168437132176,0.266063236827063
"GOBP_POSITIVE_REGULATION_OF_LEUKOCYTE_TETHERING_OR_ROLLING",13,"Up",0.0196726977525015,0.269084292100313
"GOBP_POSITIVE_REGULATION_OF_T_HELPER_2_CELL_CYTOKINE_PRODUCTION",9,"Up",0.0197387581087841,0.269503151557097
"GOBP_REGULATION_OF_MACROPHAGE_APOPTOTIC_PROCESS",10,"Up",0.0198769763093672,0.270903951313149
"GOBP_BRADYKININ_CATABOLIC_PROCESS",7,"Up",0.0199812868774781,0.271838437751737
"GOBP_S_SHAPED_BODY_MORPHOGENESIS",7,"Down",0.0200841058646711,0.272749330537185
"GOBP_PATTERN_SPECIFICATION_PROCESS",466,"Down",0.0201516507709592,0.273148582131484
"GOBP_CELLULAR_RESPONSE_TO_UV_A",11,"Up",0.0202544978405822,0.273148582131484
"GOBP_ANTIGEN_PROCESSING_AND_PRESENTATION_OF_PEPTIDE_ANTIGEN_VIA_MHC_CLASS_I",38,"Up",0.020320499338418,0.273148582131484
"GOBP_REGULATION_OF_SISTER_CHROMATID_SEGREGATION",105,"Up",0.0203282957582106,0.273148582131484
"GOBP_REGULATION_OF_NEUROTRANSMITTER_RECEPTOR_ACTIVITY",41,"Down",0.0203495965574464,0.273148582131484
"GOBP_NEGATIVE_REGULATION_OF_G0_TO_G1_TRANSITION",6,"Down",0.0203848803794778,0.273148582131484
"GOBP_COBALT_ION_TRANSPORT",8,"Up",0.0203955217323696,0.273148582131484
"GOBP_NEUROTRANSMITTER_RECEPTOR_TRANSPORT",26,"Down",0.0204158896312249,0.273148582131484
"GOBP_HISTONE_MRNA_METABOLIC_PROCESS",24,"Up",0.0204643995561407,0.273148582131484
"GOBP_REGULATION_OF_SISTER_CHROMATID_COHESION",17,"Up",0.0204726747948647,0.273148582131484
"GOBP_CELLULAR_RESPONSE_TO_STARVATION",172,"Up",0.020542710231441,0.27360299704047
"GOBP_MANNOSYLATION",26,"Up",0.0206508159042219,0.274561984181132
"GOBP_MODULATION_BY_HOST_OF_VIRAL_GENOME_REPLICATION",24,"Up",0.0207472310867568,0.27536246494727
"GOBP_PATTERN_SPECIFICATION_INVOLVED_IN_KIDNEY_DEVELOPMENT",8,"Down",0.0208040263192017,0.275635226755277
"GOBP_REGULATION_OF_NEUROINFLAMMATORY_RESPONSE",34,"Up",0.0211176838062221,0.278971766440535
"GOBP_NATURAL_KILLER_CELL_ACTIVATION",97,"Up",0.0211292225469754,0.278971766440535
"GOBP_REGULATION_OF_DENDRITIC_CELL_ANTIGEN_PROCESSING_AND_PRESENTATION",11,"Up",0.0212684347879072,0.280323130956731
"GOBP_AMACRINE_CELL_DIFFERENTIATION",12,"Down",0.021380130264792,0.280892054719671
"GOBP_T_CELL_MEDIATED_IMMUNE_RESPONSE_TO_TUMOR_CELL",13,"Up",0.0214951197646841,0.280892054719671
"GOBP_L_PROLINE_TRANSMEMBRANE_TRANSPORT",5,"Up",0.0214990471186531,0.280892054719671
"GOBP_MESANGIAL_CELL_DEVELOPMENT",6,"Down",0.0214997483275861,0.280892054719671
"GOBP_ALDEHYDE_CATABOLIC_PROCESS",14,"Down",0.0215120418952907,0.280892054719671
"GOBP_SOMATIC_DIVERSIFICATION_OF_IMMUNOGLOBULINS",67,"Up",0.021533210769437,0.280892054719671
"GOBP_POSITIVE_REGULATION_OF_TRIGLYCERIDE_METABOLIC_PROCESS",21,"Down",0.0216228400996693,0.281578251640386
"GOBP_ELECTRON_TRANSPORT_CHAIN",130,"Down",0.0219540891853229,0.285403159409198
"GOBP_REGULATION_OF_PROTEIN_EXIT_FROM_ENDOPLASMIC_RETICULUM",25,"Up",0.0222050822985742,0.28769209813864
"GOBP_PRIMITIVE_ERYTHROCYTE_DIFFERENTIATION",5,"Down",0.0222058200667168,0.28769209813864
"GOBP_POSITIVE_REGULATION_OF_MYELOID_LEUKOCYTE_DIFFERENTIATION",59,"Up",0.0223262707817878,0.287900490072368
"GOBP_MAST_CELL_ACTIVATION",71,"Up",0.0223447934652056,0.287900490072368
"GOBP_MYD88_INDEPENDENT_TOLL_LIKE_RECEPTOR_SIGNALING_PATHWAY",16,"Up",0.0223537817871292,0.287900490072368
"GOBP_REGULATION_OF_DENDRITIC_CELL_CHEMOTAXIS",10,"Up",0.0223733319701209,0.287900490072368
"GOBP_REGULATION_OF_ACUTE_INFLAMMATORY_RESPONSE",46,"Up",0.0224987836971185,0.288653361500983
"GOBP_GLOMERULAR_MESANGIUM_DEVELOPMENT",17,"Down",0.022507750607506,0.288653361500983
"GOBP_CELLULAR_RESPONSE_TO_BIOTIC_STIMULUS",248,"Up",0.0226457445432656,0.288751751111309
"GOBP_CYTOPLASMIC_PATTERN_RECOGNITION_RECEPTOR_SIGNALING_PATHWAY",170,"Up",0.0226600264927229,0.288751751111309
"GOBP_NEGATIVE_REGULATION_OF_SMAD_PROTEIN_SIGNAL_TRANSDUCTION",22,"Down",0.0226705506340826,0.288751751111309
"GOBP_PROSTAGLANDIN_SECRETION",18,"Up",0.0226858973658284,0.288751751111309
"GOBP_POSITIVE_REGULATION_OF_PLATELET_ACTIVATION",13,"Up",0.0227052658993508,0.288751751111309
"GOBP_REGULATION_OF_TOLL_LIKE_RECEPTOR_7_SIGNALING_PATHWAY",6,"Up",0.0230808156376711,0.293037734431533
"GOBP_IRON_ION_IMPORT_ACROSS_PLASMA_MEMBRANE",4,"Up",0.0231540314300747,0.293121109594063
"GOBP_POSITIVE_REGULATION_OF_TELOMERE_MAINTENANCE_VIA_TELOMERE_LENGTHENING",38,"Up",0.0231644690159148,0.293121109594063
"GOBP_MACROPHAGE_APOPTOTIC_PROCESS",13,"Up",0.0232278344775152,0.293281279213821
"GOBP_FEVER_GENERATION",11,"Up",0.0232700506785281,0.293281279213821
"GOBP_CORTISOL_BIOSYNTHETIC_PROCESS",10,"Down",0.0233129640302122,0.293281279213821
"GOBP_POSITIVE_REGULATION_OF_CANONICAL_NF_KAPPAB_SIGNAL_TRANSDUCTION",213,"Up",0.0234055265063716,0.293281279213821
"GOBP_PROGESTERONE_BIOSYNTHETIC_PROCESS",6,"Down",0.0234068381784476,0.293281279213821
"GOBP_INTRACELLULAR_PH_REDUCTION",57,"Up",0.0234356356602171,0.293281279213821
"GOBP_ENDOLYSOSOMAL_TOLL_LIKE_RECEPTOR_SIGNALING_PATHWAY",51,"Up",0.0234470766287972,0.293281279213821
"GOBP_INTERLEUKIN_5_MEDIATED_SIGNALING_PATHWAY",6,"Up",0.0234929344039828,0.293372358197519
"GOBP_PEPTIDYL_SERINE_MODIFICATION",279,"Up",0.0235654312160661,0.293795253111774
"GOBP_RESPONSE_TO_INTERLEUKIN_17",17,"Up",0.0236263895263579,0.294073146232328
"GOBP_LEUKOCYTE_DEGRANULATION",80,"Up",0.0237171871719343,0.294285900170342
"GOBP_ESTABLISHMENT_OR_MAINTENANCE_OF_TRANSMEMBRANE_ELECTROCHEMICAL_GRADIENT",11,"Down",0.0237208753194503,0.294285900170342
"GOBP_MACROPHAGE_CHEMOTAXIS",41,"Up",0.0238536815746192,0.295451544584657
"GOBP_LIPOPROTEIN_BIOSYNTHETIC_PROCESS",101,"Up",0.0239258431910037,0.295685279475095
"GOBP_PROTEIN_TARGETING_TO_VACUOLE",48,"Up",0.0239503132355896,0.295685279475095
"GOBP_REGULATION_OF_CHEMOTAXIS",205,"Up",0.0240744062749559,0.296735591119999
"GOBP_KERATINIZATION",82,"Down",0.0243345539977114,0.299456768855333
"GOBP_REGULATION_OF_CARTILAGE_DEVELOPMENT",71,"Down",0.0245040064158743,0.301054876886469
"GOBP_CELLULAR_RESPONSE_TO_LUTEINIZING_HORMONE_STIMULUS",5,"Up",0.0246004524597055,0.301643985429728
"GOBP_THYMOCYTE_MIGRATION",7,"Up",0.0246312840173387,0.301643985429728
"GOBP_PEPTIDYL_HISTIDINE_MODIFICATION",9,"Up",0.0247389129564413,0.302474972723048
"GOBP_REGULATION_OF_DENDRITIC_SPINE_MAINTENANCE",12,"Up",0.0249172178186414,0.304147860736042
"GOBP_ISOPRENOID_BIOSYNTHETIC_PROCESS",29,"Up",0.024955721906547,0.304147860736042
"GOBP_VASCULAR_ENDOTHELIAL_CELL_PROLIFERATION",26,"Up",0.0250216134715389,0.304462992721685
"GOBP_CELL_FATE_SPECIFICATION",109,"Down",0.0250943910798086,0.304860773421636
"GOBP_CELLULAR_RESPONSE_TO_MOLECULE_OF_BACTERIAL_ORIGIN",221,"Up",0.0252004081274188,0.304976704395032
"GOBP_NEGATIVE_REGULATION_OF_IMMUNE_EFFECTOR_PROCESS",123,"Up",0.0252794975593439,0.304976704395032
"GOBP_COPPER_ION_IMPORT",7,"Up",0.025297577411225,0.304976704395032
"GOBP_NUCLEOSIDE_TRIPHOSPHATE_BIOSYNTHETIC_PROCESS",123,"Down",0.0253030399632896,0.304976704395032
"GOBP_VASCULAR_TRANSPORT",86,"Up",0.0253044445066752,0.304976704395032
"GOBP_REGULATION_OF_CELL_FATE_COMMITMENT",41,"Down",0.0254686761142919,0.30558971644092
"GOBP_POSITIVE_REGULATION_OF_MAMMARY_GLAND_EPITHELIAL_CELL_PROLIFERATION",6,"Down",0.0254910289718842,0.30558971644092
"GOBP_VITAMIN_BIOSYNTHETIC_PROCESS",25,"Up",0.0255343897661629,0.30558971644092
"GOBP_POSITIVE_REGULATION_OF_CAMP_MEDIATED_SIGNALING",9,"Down",0.0255868644105657,0.30558971644092
"GOBP_VASCULAR_ASSOCIATED_SMOOTH_MUSCLE_CELL_DIFFERENTIATION",29,"Down",0.0256234285438421,0.30558971644092
"GOBP_POSITIVE_REGULATION_OF_HUMORAL_IMMUNE_RESPONSE_MEDIATED_BY_CIRCULATING_IMMUNOGLOBULIN",7,"Up",0.0256329413898998,0.30558971644092
"GOBP_REGULATION_OF_CD4_POSITIVE_CD25_POSITIVE_ALPHA_BETA_REGULATORY_T_CELL_DIFFERENTIATION",7,"Up",0.0256365863365295,0.30558971644092
"GOBP_EMBRYONIC_SKELETAL_SYSTEM_MORPHOGENESIS",94,"Down",0.0256957903367039,0.305809930262754
"GOBP_CARDIAC_VASCULAR_SMOOTH_MUSCLE_CELL_DIFFERENTIATION",8,"Down",0.0257708762971391,0.305809930262754
"GOBP_NECROPTOTIC_SIGNALING_PATHWAY",8,"Up",0.0258040360976584,0.305809930262754
"GOBP_NEGATIVE_REGULATION_OF_CAMP_MEDIATED_SIGNALING",9,"Down",0.0258159073279012,0.305809930262754
"GOBP_G_PROTEIN_COUPLED_OPIOID_RECEPTOR_SIGNALING_PATHWAY",12,"Down",0.0260644807850249,0.306127107853623
"GOBP_REGULATION_OF_T_CELL_MEDIATED_IMMUNE_RESPONSE_TO_TUMOR_CELL",12,"Up",0.0260778812776847,0.306127107853623
"GOBP_REGULATION_OF_BRANCHING_INVOLVED_IN_URETERIC_BUD_MORPHOGENESIS",21,"Down",0.0261069076623301,0.306127107853623
"GOBP_POSITIVE_REGULATION_OF_PEPTIDASE_ACTIVITY",159,"Up",0.026189614290781,0.306127107853623
"GOBP_POSITIVE_REGULATION_OF_MEMBRANE_PERMEABILITY",43,"Down",0.0262706531745233,0.306127107853623
"GOBP_POSITIVE_REGULATION_OF_ODONTOGENESIS",8,"Down",0.0262833318702305,0.306127107853623
"GOBP_THROMBIN_ACTIVATED_RECEPTOR_SIGNALING_PATHWAY",13,"Up",0.0262976948568384,0.306127107853623
"GOBP_NEGATIVE_REGULATION_OF_LEUKOCYTE_CELL_CELL_ADHESION",139,"Up",0.0263992286625244,0.306127107853623
"GOBP_NEGATIVE_REGULATION_OF_CD4_POSITIVE_ALPHA_BETA_T_CELL_PROLIFERATION",12,"Up",0.0264403710080089,0.306127107853623
"GOBP_CELL_CYCLE_CHECKPOINT_SIGNALING",194,"Up",0.0264718402950155,0.306127107853623
"GOBP_POSITIVE_REGULATION_OF_MITOPHAGY",16,"Up",0.0264784973177509,0.306127107853623
"GOBP_NEGATIVE_REGULATION_OF_DNA_DAMAGE_RESPONSE_SIGNAL_TRANSDUCTION_BY_P53_CLASS_MEDIATOR",15,"Up",0.0264955984725273,0.306127107853623
"GOBP_POSITIVE_REGULATION_OF_GAMMA_DELTA_T_CELL_DIFFERENTIATION",7,"Up",0.0266239843468675,0.306127107853623
"GOBP_BIOLOGICAL_PROCESS_INVOLVED_IN_INTERSPECIES_INTERACTION_BETWEEN_ORGANISMS",1732,"Up",0.0266469963586326,0.306127107853623
"GOBP_IMMUNE_RESPONSE_REGULATING_CELL_SURFACE_RECEPTOR_SIGNALING_PATHWAY_INVOLVED_IN_PHAGOCYTOSIS",22,"Up",0.0267225186809342,0.306127107853623
"GOBP_LEUKOCYTE_CHEMOTAXIS_INVOLVED_IN_INFLAMMATORY_RESPONSE",8,"Up",0.0267285966214955,0.306127107853623
"GOBP_NEGATIVE_REGULATION_OF_INTERLEUKIN_6_PRODUCTION",47,"Up",0.0267604128907497,0.306127107853623
"GOBP_INTRA_GOLGI_VESICLE_MEDIATED_TRANSPORT",34,"Up",0.0267752350960774,0.306127107853623
"GOBP_RESPONSE_TO_MOLECULE_OF_FUNGAL_ORIGIN",5,"Up",0.0267899358796314,0.306127107853623
"GOBP_TRANSEPITHELIAL_TRANSPORT",36,"Up",0.026823136066016,0.306127107853623
"GOBP_MITOCHONDRIAL_RNA_METABOLIC_PROCESS",56,"Up",0.0268531319293893,0.306127107853623
"GOBP_TRNA_SURVEILLANCE",8,"Up",0.0269290283660184,0.306127107853623
"GOBP_NEGATIVE_REGULATION_OF_LAMELLIPODIUM_ASSEMBLY",4,"Down",0.0269843157709386,0.306127107853623
"GOBP_POSITIVE_REGULATION_OF_NF_KAPPAB_TRANSCRIPTION_FACTOR_ACTIVITY",135,"Up",0.0270036433074431,0.306127107853623
"GOBP_CUT_METABOLIC_PROCESS",5,"Up",0.0270068707264479,0.306127107853623
"GOBP_MESENCHYMAL_CELL_PROLIFERATION",45,"Down",0.027019018132437,0.306127107853623
"GOBP_RESPONSE_TO_THYROGLOBULIN_TRIIODOTHYRONINE",5,"Up",0.0270810532129567,0.306127107853623
"GOBP_PROTEIN_K63_LINKED_DEUBIQUITINATION",31,"Up",0.027101212784763,0.306127107853623
"GOBP_POSITIVE_REGULATION_OF_TRIGLYCERIDE_BIOSYNTHETIC_PROCESS",13,"Down",0.0271189606856966,0.306127107853623
"GOBP_NEGATIVE_REGULATION_OF_VASCULAR_ENDOTHELIAL_GROWTH_FACTOR_RECEPTOR_SIGNALING_PATHWAY",11,"Down",0.0271283745524756,0.306127107853623
"GOBP_INTERLEUKIN_2_MEDIATED_SIGNALING_PATHWAY",9,"Up",0.0271611382415404,0.306127107853623
"GOBP_EPINEPHRINE_SECRETION",7,"Down",0.0271897080007452,0.306127107853623
"GOBP_VESICLE_TETHERING_TO_GOLGI",5,"Up",0.0272184248269074,0.306127107853623
"GOBP_NEGATIVE_REGULATION_OF_TYROSINE_PHOSPHORYLATION_OF_STAT_PROTEIN",9,"Up",0.0272385797211898,0.306127107853623
"GOBP_ENTRAINMENT_OF_CIRCADIAN_CLOCK",29,"Down",0.027274040702247,0.306127107853623
"GOBP_RESPONSE_TO_PEPTIDE",20,"Down",0.0272918052761021,0.306127107853623
"GOBP_CELLULAR_RESPONSE_TO_AMYLOID_BETA",40,"Up",0.0273960647321017,0.306601753822281
"GOBP_PROXIMAL_DISTAL_PATTERN_FORMATION",34,"Down",0.0274245599769061,0.306601753822281
"GOBP_CHOLINE_TRANSPORT",9,"Up",0.0274550682909893,0.306601753822281
"GOBP_NEGATIVE_REGULATION_OF_IMMUNOGLOBULIN_PRODUCTION",12,"Up",0.0275394241644105,0.307092845704314
"GOBP_CARBOHYDRATE_MEDIATED_SIGNALING",11,"Down",0.0276588060012231,0.30790102846839
"GOBP_COPPER_ION_TRANSPORT",18,"Up",0.0277001999511477,0.30790102846839
"GOBP_CERAMIDE_CATABOLIC_PROCESS",21,"Up",0.0277333602236485,0.30790102846839
"GOBP_VESICLE_TARGETING",66,"Up",0.0277880138356272,0.308058083410998
"GOBP_POSITIVE_REGULATION_OF_MYELOID_LEUKOCYTE_MEDIATED_IMMUNITY",20,"Up",0.0279104766227601,0.308694777752286
"GOBP_INFLAMMASOME_MEDIATED_SIGNALING_PATHWAY",45,"Up",0.0279266281516861,0.308694777752286
"GOBP_CELL_DIFFERENTIATION_INVOLVED_IN_METANEPHROS_DEVELOPMENT",22,"Down",0.0281076065242911,0.310232010632339
"GOBP_AMIDE_BIOSYNTHETIC_PROCESS",158,"Up",0.0281472830159518,0.310232010632339
"GOBP_POSTSYNAPTIC_CYTOSKELETON_ORGANIZATION",20,"Down",0.028215512639412,0.310533970510461
"GOBP_INTERLEUKIN_4_MEDIATED_SIGNALING_PATHWAY",10,"Up",0.0284375981433434,0.312525916011744
"GOBP_GLUCOCORTICOID_METABOLIC_PROCESS",25,"Down",0.0284928976185223,0.312681798540927
"GOBP_SERINE_FAMILY_AMINO_ACID_CATABOLIC_PROCESS",12,"Down",0.0287362981108835,0.314898482900964
"GOBP_MAMMARY_GLAND_MORPHOGENESIS",46,"Down",0.0288181675092271,0.315341243032622
"GOBP_RNA_3_URIDYLATION",5,"Up",0.0289363424123962,0.315729653140657
"GOBP_POSITIVE_REGULATION_OF_DENDRITIC_CELL_ANTIGEN_PROCESSING_AND_PRESENTATION",7,"Up",0.0289695594296322,0.315729653140657
"GOBP_INNERVATION",26,"Up",0.0290061261424525,0.315729653140657
"GOBP_MITOCHONDRIAL_FISSION",40,"Up",0.0290291571775205,0.315729653140657
"GOBP_REGULATION_OF_CEREBELLAR_GRANULE_CELL_PRECURSOR_PROLIFERATION",9,"Down",0.0290612435500933,0.315729653140657
"GOBP_NEGATIVE_REGULATION_OF_TOLL_LIKE_RECEPTOR_2_SIGNALING_PATHWAY",7,"Up",0.0291191804725935,0.315821978869692
"GOBP_REGULATION_OF_LEUKOCYTE_ADHESION_TO_VASCULAR_ENDOTHELIAL_CELL",31,"Up",0.0291527980495101,0.315821978869692
"GOBP_NEGATIVE_REGULATION_OF_LEUKOCYTE_PROLIFERATION",97,"Up",0.0294856320060669,0.318700513593174
"GOBP_NEGATIVE_REGULATION_OF_MYELINATION",9,"Up",0.0295023223628658,0.318700513593174
"GOBP_LOOP_OF_HENLE_DEVELOPMENT",12,"Down",0.0296290582235796,0.319615585518189
"GOBP_POSITIVE_REGULATION_OF_TOLL_LIKE_RECEPTOR_7_SIGNALING_PATHWAY",5,"Up",0.0297338347105467,0.320291519792787
"GOBP_REGULATION_OF_LIPOPROTEIN_PARTICLE_CLEARANCE",21,"Down",0.0299265136896359,0.321694115308734
"GOBP_HEAT_GENERATION",18,"Up",0.0299786754113617,0.321694115308734
"GOBP_NEGATIVE_REGULATION_OF_GLIOGENESIS",42,"Down",0.0299909438203672,0.321694115308734
"GOBP_POSITIVE_REGULATION_OF_ENDOTHELIAL_CELL_APOPTOTIC_PROCESS",19,"Up",0.0300920726780347,0.32208429975952
"GOBP_REGULATION_OF_MAINTENANCE_OF_SISTER_CHROMATID_COHESION",9,"Up",0.0301120232911267,0.32208429975952
"GOBP_POSITIVE_REGULATION_OF_CARDIOCYTE_DIFFERENTIATION",13,"Down",0.0302208089632666,0.322639269452091
"GOBP_L_PHENYLALANINE_METABOLIC_PROCESS",8,"Up",0.0302487572806497,0.322639269452091
"GOBP_POSITIVE_REGULATION_OF_HEMOPOIESIS",191,"Up",0.0302976718871877,0.322708395941264
"GOBP_RESPONSE_TO_TYPE_II_INTERFERON",118,"Up",0.0303869960804704,0.32293844659074
"GOBP_REGULATION_OF_CENTRIOLE_REPLICATION",23,"Up",0.0304041982589046,0.32293844659074
"GOBP_PLASMA_MEMBRANE_REPAIR",29,"Down",0.0305754642362491,0.32387151810312
"GOBP_POSITIVE_REGULATION_OF_T_CELL_MIGRATION",35,"Up",0.0305772189346536,0.32387151810312
"GOBP_CELLULAR_RESPONSE_TO_PEPTIDE",13,"Down",0.030672745975244,0.324431478639403
"GOBP_REGULATION_OF_FEVER_GENERATION",9,"Up",0.0308886703949512,0.326120576968173
"GOBP_PROTEIN_PROCESSING_INVOLVED_IN_PROTEIN_TARGETING_TO_MITOCHONDRION",7,"Up",0.0309313732882953,0.326120576968173
"GOBP_C_TERMINAL_PROTEIN_LIPIDATION",9,"Up",0.0309873914500028,0.326120576968173
"GOBP_CHORION_DEVELOPMENT",10,"Up",0.031004917827402,0.326120576968173
"GOBP_NEGATIVE_REGULATION_OF_INTERLEUKIN_1_MEDIATED_SIGNALING_PATHWAY",6,"Up",0.0310468504569306,0.326120576968173
"GOBP_SIGNALING_RECEPTOR_LIGAND_PRECURSOR_PROCESSING",40,"Up",0.0311484365357189,0.326522681536681
"GOBP_T_CELL_DIFFERENTIATION_IN_THYMUS",87,"Up",0.0311710015510362,0.326522681536681
"GOBP_REGULATION_OF_CALCIUM_MEDIATED_SIGNALING",97,"Up",0.0312289425191281,0.326679653174648
"GOBP_REGULATION_OF_LYMPHOCYTE_APOPTOTIC_PROCESS",58,"Up",0.0313394583209803,0.327183802829901
"GOBP_POSITIVE_REGULATION_OF_SYNAPTIC_VESICLE_RECYCLING",8,"Up",0.0314288471625623,0.327183802829901
"GOBP_PERIPHERAL_NERVOUS_SYSTEM_AXON_ENSHEATHMENT",29,"Down",0.0314313652354185,0.327183802829901
"GOBP_PLASMA_MEMBRANE_RAFT_ORGANIZATION",11,"Down",0.0314884074528708,0.327183802829901
"GOBP_RIBOSOME_DISASSEMBLY",38,"Up",0.0314970808217941,0.327183802829901
"GOBP_TOLL_LIKE_RECEPTOR_7_SIGNALING_PATHWAY",11,"Up",0.0315352698848543,0.327183802829901
"GOBP_NEGATIVE_REGULATION_OF_T_CELL_PROLIFERATION",73,"Up",0.031667872601135,0.327932065248231
"GOBP_POSITIVE_REGULATION_OF_RESPONSE_TO_CYTOKINE_STIMULUS",65,"Up",0.0316936315525904,0.327932065248231
"GOBP_CARNITINE_TRANSMEMBRANE_TRANSPORT",7,"Up",0.0317706100200615,0.328281914677401
"GOBP_REGULATION_OF_MAST_CELL_ACTIVATION",19,"Up",0.0318397304417979,0.328549728642976
"GOBP_NEGATIVE_REGULATION_OF_MIRNA_METABOLIC_PROCESS",28,"Down",0.0319123385331675,0.328852756835689
"GOBP_REGULATION_OF_RETROGRADE_PROTEIN_TRANSPORT_ER_TO_CYTOSOL",13,"Up",0.0320146825928849,0.329031209562086
"GOBP_ENDOPLASMIC_RETICULUM_UNFOLDED_PROTEIN_RESPONSE",75,"Up",0.0320161860717874,0.329031209562086
"GOBP_REGULATION_OF_RESPONSE_TO_TYPE_II_INTERFERON",14,"Up",0.032071570690599,0.329082947193047
"GOBP_GOLGI_VESICLE_TRANSPORT",305,"Up",0.0321077642100251,0.329082947193047
"GOBP_POSTSYNAPTIC_MODULATION_OF_CHEMICAL_SYNAPTIC_TRANSMISSION",27,"Up",0.0322431863201483,0.329704640230356
"GOBP_SKELETAL_MUSCLE_ORGAN_DEVELOPMENT",183,"Down",0.0322551285116876,0.329704640230356
"GOBP_REGULATION_OF_AMACRINE_CELL_DIFFERENTIATION",6,"Down",0.0325534161116076,0.331782729177645
"GOBP_DEFENSE_RESPONSE",1820,"Up",0.0326220252931666,0.331782729177645
"GOBP_AUTOPHAGY_OF_PEROXISOME",16,"Up",0.0326328273586049,0.331782729177645
"GOBP_METANEPHRIC_TUBULE_MORPHOGENESIS",10,"Down",0.0326329364135278,0.331782729177645
"GOBP_TOR_SIGNALING",164,"Up",0.0327031426173653,0.33205260294401
"GOBP_EOSINOPHIL_MIGRATION",30,"Up",0.0329252345002808,0.33356858223774
"GOBP_EMBRYONIC_HEART_TUBE_LEFT_RIGHT_PATTERN_FORMATION",5,"Down",0.033039758888565,0.33356858223774
"GOBP_MYD88_DEPENDENT_TOLL_LIKE_RECEPTOR_SIGNALING_PATHWAY",20,"Up",0.0330752195863575,0.33356858223774
"GOBP_PROTEIN_HISTIDYL_MODIFICATION_TO_DIPHTHAMIDE",7,"Up",0.0330977053163572,0.33356858223774
"GOBP_INTERLEUKIN_6_MEDIATED_SIGNALING_PATHWAY",18,"Up",0.0331334743500938,0.33356858223774
"GOBP_POSITIVE_REGULATION_OF_NATURAL_KILLER_CELL_CHEMOTAXIS",5,"Up",0.0331602453639899,0.33356858223774
"GOBP_REGULATION_OF_FATTY_ACID_TRANSPORT",33,"Up",0.033168666127368,0.33356858223774
"GOBP_HEPARIN_BIOSYNTHETIC_PROCESS",11,"Up",0.0332472022807639,0.33356858223774
"GOBP_NEGATIVE_REGULATION_OF_PEPTIDYL_THREONINE_PHOSPHORYLATION",17,"Down",0.0333782028071226,0.33356858223774
"GOBP_CENTROMERE_COMPLEX_ASSEMBLY",30,"Up",0.0334351554079376,0.33356858223774
"GOBP_CELLULAR_RESPONSE_TO_SALT",6,"Down",0.0334377971780555,0.33356858223774
"GOBP_ESTABLISHMENT_OF_PROTEIN_LOCALIZATION_TO_TELOMERE",18,"Up",0.0334553149805487,0.33356858223774
"GOBP_POSITIVE_REGULATION_OF_MRNA_CATABOLIC_PROCESS",105,"Up",0.0334783491541244,0.33356858223774
"GOBP_POSITIVE_REGULATION_OF_CREB_TRANSCRIPTION_FACTOR_ACTIVITY",14,"Down",0.0335166571502628,0.33356858223774
"GOBP_REGULATION_OF_TOLERANCE_INDUCTION",19,"Up",0.0335428909161064,0.33356858223774
"GOBP_DEFENSE_RESPONSE_TO_OTHER_ORGANISM",1242,"Up",0.0335542360830863,0.33356858223774
"GOBP_REGULATION_OF_LYMPHOCYTE_DIFFERENTIATION",215,"Up",0.0336519357319887,0.334103095615893
"GOBP_HYPOTHALAMUS_DEVELOPMENT",29,"Down",0.0338541001700856,0.335237622714413
"GOBP_PRIMARY_ALCOHOL_BIOSYNTHETIC_PROCESS",14,"Down",0.033887253411861,0.335237622714413
"GOBP_CELLULAR_RESPONSE_TO_GLUCOSE_STARVATION",45,"Up",0.0339203964868677,0.335237622714413
"GOBP_ANTIMICROBIAL_HUMORAL_RESPONSE",160,"Up",0.0339425337922548,0.335237622714413
"GOBP_CELLULAR_RESPONSE_TO_L_LEUCINE",12,"Up",0.0340281366022723,0.335583971922393
"GOBP_RESPONSE_TO_GRANULOCYTE_MACROPHAGE_COLONY_STIMULATING_FACTOR",9,"Down",0.0340873372903636,0.335583971922393
"GOBP_POSITIVE_REGULATION_OF_COMPLEMENT_ACTIVATION",4,"Up",0.0341099816299815,0.335583971922393
"GOBP_ACTIVATION_OF_CYSTEINE_TYPE_ENDOPEPTIDASE_ACTIVITY_INVOLVED_IN_APOPTOTIC_PROCESS_BY_CYTOCHROME_C",5,"Down",0.0341883800227739,0.335920710688883
"GOBP_ENDOSOME_TO_LYSOSOME_TRANSPORT_VIA_MULTIVESICULAR_BODY_SORTING_PATHWAY",17,"Down",0.0343897505412018,0.337463294020439
"GOBP_L_SERINE_CATABOLIC_PROCESS",4,"Down",0.0345500307829126,0.338599206319653
"GOBP_POSITIVE_REGULATION_OF_MICROTUBULE_NUCLEATION",8,"Down",0.0346049933038289,0.338701382336703
"GOBP_POSITIVE_REGULATION_OF_PHOSPHOLIPID_TRANSLOCATION",5,"Up",0.0347746100908755,0.339735595385871
"GOBP_HEMOPOIESIS",952,"Up",0.0348427726714422,0.339735595385871
"GOBP_TYROSINE_CATABOLIC_PROCESS",6,"Up",0.0348446764498329,0.339735595385871
"GOBP_REGULATION_OF_ICOSANOID_SECRETION",21,"Up",0.0349312741866793,0.339925357102396
"GOBP_SPINAL_CORD_PATTERNING",18,"Down",0.0349535344186816,0.339925357102396
"GOBP_PROLINE_TRANSPORT",13,"Up",0.0351871984813033,0.341760720881624
"GOBP_METANEPHRIC_EPITHELIUM_DEVELOPMENT",28,"Down",0.0352725942159537,0.341985166921791
"GOBP_SINOATRIAL_NODE_CELL_DIFFERENTIATION",6,"Down",0.035300244054386,0.341985166921791
"GOBP_REGULATION_OF_CYSTEINE_TYPE_ENDOPEPTIDASE_ACTIVITY_INVOLVED_IN_APOPTOTIC_PROCESS",155,"Up",0.0353807190407114,0.342234084222221
"GOBP_PURINE_RIBONUCLEOSIDE_METABOLIC_PROCESS",22,"Up",0.0354159400766454,0.342234084222221
"GOBP_POSITIVE_REGULATION_OF_CD4_POSITIVE_ALPHA_BETA_T_CELL_DIFFERENTIATION",37,"Up",0.0354947594796476,0.342560464267411
"GOBP_PHOSPHOLIPID_BIOSYNTHETIC_PROCESS",252,"Up",0.0355404536515012,0.342566730062949
"GOBP_PHOSPHOLIPID_EFFLUX",14,"Down",0.0356048228443761,0.342752756622127
"GOBP_MONOUBIQUITINATED_PROTEIN_DEUBIQUITINATION",9,"Up",0.0357330557923333,0.342941653957037
"GOBP_MITOCHONDRIAL_PROTEIN_PROCESSING",13,"Up",0.0357586348821395,0.342941653957037
"GOBP_NEUTROPHIL_MEDIATED_CYTOTOXICITY",15,"Up",0.0357928458092961,0.342941653957037
"GOBP_PROTEIN_MONOUBIQUITINATION",48,"Up",0.0358048222540286,0.342941653957037
"GOBP_POSITIVE_REGULATION_OF_VIRAL_GENOME_REPLICATION",31,"Up",0.0358889912368191,0.343315444472967
"GOBP_PEPTIDE_ANTIGEN_ASSEMBLY_WITH_MHC_CLASS_II_PROTEIN_COMPLEX",16,"Up",0.0360051901656273,0.343994310564819
"GOBP_NEGATIVE_REGULATION_OF_REGULATORY_T_CELL_DIFFERENTIATION",5,"Up",0.0360699132422737,0.344180288842524
"GOBP_MODULATION_BY_HOST_OF_VIRAL_PROCESS",47,"Up",0.03625179024445,0.345482286728123
"GOBP_PROTEIN_LOCALIZATION_TO_CYTOPLASMIC_STRESS_GRANULE",8,"Up",0.0364123691110156,0.346578306745023
"GOBP_VESICLE_TETHERING_INVOLVED_IN_EXOCYTOSIS",9,"Up",0.0364817975499749,0.346805087959449
"GOBP_NEGATIVE_REGULATION_OF_NUCLEAR_DIVISION",63,"Up",0.0366661882557035,0.347805322852451
"GOBP_REGULATION_OF_TERMINATION_OF_DNA_TEMPLATED_TRANSCRIPTION",5,"Up",0.0366784837511724,0.347805322852451
"GOBP_NECROPTOTIC_PROCESS",41,"Up",0.0368873572563214,0.349350376007875
"GOBP_IMMUNOGLOBULIN_PRODUCTION_INVOLVED_IN_IMMUNOGLOBULIN_MEDIATED_IMMUNE_RESPONSE",59,"Up",0.0370840327228931,0.350500480836326
"GOBP_RNA_3_END_PROCESSING",90,"Up",0.0371009713442791,0.350500480836326
"GOBP_DITERPENOID_BIOSYNTHETIC_PROCESS",10,"Up",0.037192943509865,0.350933418601146
"GOBP_REGULATION_OF_CD4_POSITIVE_ALPHA_BETA_T_CELL_DIFFERENTIATION",57,"Up",0.0373027097148565,0.351532970732941
"GOBP_FATTY_ACID_DERIVATIVE_BIOSYNTHETIC_PROCESS",51,"Up",0.0374739981496556,0.352710093970459
"GOBP_RESPONSE_TO_MACROPHAGE_COLONY_STIMULATING_FACTOR",17,"Up",0.037564223669953,0.353122275661301
"GOBP_SPINAL_CORD_DEVELOPMENT",99,"Down",0.0379229625515605,0.356054481734096
"GOBP_REGULATION_OF_T_CELL_CHEMOTAXIS",15,"Up",0.0380297059889293,0.356234682048504
"GOBP_CELL_PROLIFERATION_IN_HINDBRAIN",14,"Down",0.0380878614249402,0.356234682048504
"GOBP_POSITIVE_REGULATION_OF_HEPATOCYTE_PROLIFERATION",10,"Up",0.0381260721745106,0.356234682048504
"GOBP_RESPONSE_TO_INTERLEUKIN_15",12,"Up",0.0381295241535151,0.356234682048504
"GOBP_LOW_DENSITY_LIPOPROTEIN_RECEPTOR_PARTICLE_METABOLIC_PROCESS",6,"Down",0.0384741380416184,0.356488066609093
"GOBP_MITOTIC_CELL_CYCLE_PHASE_TRANSITION",430,"Up",0.0384964796745001,0.356488066609093
"GOBP_ALPHA_KETOGLUTARATE_TRANSPORT",7,"Down",0.0385384049556117,0.356488066609093
"GOBP_POSITIVE_REGULATION_OF_GONAD_DEVELOPMENT",9,"Down",0.038547394473567,0.356488066609093
"GOBP_NATURAL_KILLER_CELL_CYTOKINE_PRODUCTION",9,"Up",0.0385610118445206,0.356488066609093
"GOBP_REGULATION_OF_INSULIN_LIKE_GROWTH_FACTOR_RECEPTOR_SIGNALING_PATHWAY",23,"Down",0.0386039238634219,0.356488066609093
"GOBP_BICARBONATE_TRANSPORT",36,"Up",0.0386388290497011,0.356488066609093
"GOBP_HYDROGEN_SULFIDE_METABOLIC_PROCESS",5,"Down",0.038658515937915,0.356488066609093
"GOBP_NEGATIVE_REGULATION_OF_AUTOPHAGY_OF_MITOCHONDRION",7,"Down",0.0387001632975294,0.356488066609093
"GOBP_POSITIVE_REGULATION_OF_MYELOID_CELL_APOPTOTIC_PROCESS",9,"Up",0.0387573931375592,0.356488066609093
"GOBP_INNATE_IMMUNE_RESPONSE",965,"Up",0.0387933558264306,0.356488066609093
"GOBP_RESPONSE_TO_VIRUS",403,"Up",0.0388110732468681,0.356488066609093
"GOBP_POSITIVE_REGULATION_OF_OXIDATIVE_STRESS_INDUCED_INTRINSIC_APOPTOTIC_SIGNALING_PATHWAY",9,"Up",0.03883763153585,0.356488066609093
"GOBP_CD4_POSITIVE_OR_CD8_POSITIVE_ALPHA_BETA_T_CELL_LINEAGE_COMMITMENT",30,"Up",0.0388799331614557,0.356488066609093
"GOBP_HEMATOPOIETIC_PROGENITOR_CELL_DIFFERENTIATION",133,"Up",0.0389149242349258,0.356488066609093
"GOBP_REGULATION_OF_INFLAMMASOME_MEDIATED_SIGNALING_PATHWAY",40,"Up",0.0389161572999113,0.356488066609093
"GOBP_MITOCHONDRIAL_RNA_PROCESSING",22,"Up",0.0389818556293588,0.356488066609093
"GOBP_MODIFIED_AMINO_ACID_TRANSPORT",41,"Up",0.0390081749862913,0.356488066609093
"GOBP_ACTIVATION_OF_CYSTEINE_TYPE_ENDOPEPTIDASE_ACTIVITY_INVOLVED_IN_APOPTOTIC_PROCESS",71,"Up",0.0390498139123592,0.356488066609093
"GOBP_NEGATIVE_REGULATION_OF_PHAGOCYTOSIS",21,"Up",0.0390941548391826,0.356488066609093
"GOBP_REGULATION_OF_MYELOID_LEUKOCYTE_DIFFERENTIATION",122,"Up",0.0392332918347163,0.357112362888906
"GOBP_SPHINGOMYELIN_BIOSYNTHETIC_PROCESS",11,"Up",0.0392565332511671,0.357112362888906
"GOBP_POSITIVE_REGULATION_OF_GAMMA_DELTA_T_CELL_ACTIVATION",9,"Up",0.0394547153887609,0.357852504745384
"GOBP_PROTEIN_LOCALIZATION_TO_CELL_CORTEX",11,"Down",0.039485866652752,0.357852504745384
"GOBP_NEGATIVE_REGULATION_OF_INCLUSION_BODY_ASSEMBLY",12,"Down",0.0395346472007994,0.357852504745384
"GOBP_REGULATION_OF_FEMALE_GONAD_DEVELOPMENT",7,"Down",0.0395543445575162,0.357852504745384
"GOBP_MINERALOCORTICOID_METABOLIC_PROCESS",14,"Down",0.0395731698212844,0.357852504745384
"GOBP_REGULATION_OF_PHOSPHOLIPASE_ACTIVITY",50,"Up",0.0397002614304817,0.358575401637545
"GOBP_NEGATIVE_REGULATION_OF_DEFENSE_RESPONSE",253,"Up",0.0398075751281613,0.359118159964017
"GOBP_POSITIVE_REGULATION_OF_MYELOID_LEUKOCYTE_CYTOKINE_PRODUCTION_INVOLVED_IN_IMMUNE_RESPONSE",34,"Up",0.039884822132736,0.359242999993918
"GOBP_MITOCHONDRIAL_ELECTRON_TRANSPORT_CYTOCHROME_C_TO_OXYGEN",24,"Down",0.0399158888882131,0.359242999993918
"GOBP_INTERLEUKIN_6_PRODUCTION",150,"Up",0.0399679211178242,0.359286099410228
"GOBP_HETEROTYPIC_CELL_CELL_ADHESION",62,"Up",0.0401687659639515,0.360177384026601
"GOBP_RESPONSE_TO_COPPER_ION",37,"Down",0.04018205820872,0.360177384026601
"GOBP_REGULATION_OF_REACTIVE_OXYGEN_SPECIES_BIOSYNTHETIC_PROCESS",40,"Up",0.0402210049532146,0.360177384026601
"GOBP_VACUOLE_FUSION",12,"Down",0.0402565123501132,0.360177384026601
"GOBP_POSITIVE_REGULATION_OF_NITRIC_OXIDE_METABOLIC_PROCESS",37,"Up",0.0403459061539504,0.360184798955508
"GOBP_POSITIVE_REGULATION_OF_INFLAMMATORY_RESPONSE_TO_ANTIGENIC_STIMULUS",13,"Up",0.040390434471007,0.360184798955508
"GOBP_DNA_DOUBLE_STRAND_BREAK_PROCESSING",22,"Up",0.040513498343537,0.360184798955508
"GOBP_T_HELPER_17_TYPE_IMMUNE_RESPONSE",47,"Up",0.0405865309996733,0.360184798955508
"GOBP_FIBROBLAST_APOPTOTIC_PROCESS",24,"Up",0.0406008363263757,0.360184798955508
"GOBP_GAMMA_DELTA_T_CELL_ACTIVATION",26,"Up",0.0406419024079134,0.360184798955508
"GOBP_RESPONSE_TO_IMMOBILIZATION_STRESS",28,"Down",0.0406762309577238,0.360184798955508
"GOBP_HYPOTHALAMUS_CELL_DIFFERENTIATION",13,"Down",0.0407165696635467,0.360184798955508
"GOBP_RRNA_3_END_PROCESSING",10,"Up",0.0407271392110576,0.360184798955508
"GOBP_IMPORT_INTO_NUCLEUS",168,"Up",0.0407309568838575,0.360184798955508
"GOBP_METANEPHROS_DEVELOPMENT",92,"Down",0.0409455164418012,0.361661617351798
"GOBP_APOPTOTIC_PROCESS_INVOLVED_IN_HEART_MORPHOGENESIS",7,"Down",0.0410393781465122,0.362070151745041
"GOBP_REGULATION_OF_LEUKOCYTE_DIFFERENTIATION",323,"Up",0.0411173751685439,0.362073871111772
"GOBP_PHAGOCYTOSIS_ENGULFMENT",50,"Up",0.0411350196766036,0.362073871111772
"GOBP_REGULATION_OF_POSITIVE_CHEMOTAXIS",26,"Up",0.0413186868015603,0.36327007297788
"GOBP_POSITIVE_REGULATION_OF_LYMPHOCYTE_DIFFERENTIATION",136,"Up",0.0416082694637793,0.364979099008576
"GOBP_CELL_PROLIFERATION_INVOLVED_IN_KIDNEY_DEVELOPMENT",22,"Down",0.0416575339224807,0.364979099008576
"GOBP_POSITIVE_REGULATION_OF_CYTOSOLIC_CALCIUM_ION_CONCENTRATION",167,"Up",0.0416668353149025,0.364979099008576
"GOBP_NEGATIVE_REGULATION_OF_INNATE_IMMUNE_RESPONSE",88,"Up",0.0417050410306972,0.364979099008576
"GOBP_REGULATION_OF_TELOMERE_MAINTENANCE_VIA_TELOMERE_LENGTHENING",63,"Up",0.0418620486195057,0.36538102902307
"GOBP_RESPONSE_TO_WATER_DEPRIVATION",5,"Down",0.0418926007371435,0.36538102902307
"GOBP_POSITIVE_REGULATION_OF_INTERFERON_ALPHA_PRODUCTION",23,"Up",0.0418951028676025,0.36538102902307
"GOBP_RESPONSE_TO_ENDOPLASMIC_RETICULUM_STRESS",265,"Up",0.0419538647743678,0.365474389013823
"GOBP_MONOCARBOXYLIC_ACID_TRANSPORT",182,"Up",0.042181179017913,0.366694506835949
"GOBP_PROTEIN_LINEAR_POLYUBIQUITINATION",5,"Down",0.0422500548227602,0.366694506835949
"GOBP_REGULATION_OF_NEUTROPHIL_MEDIATED_CYTOTOXICITY",5,"Up",0.0423336433626191,0.366694506835949
"GOBP_FATTY_ACYL_COA_METABOLIC_PROCESS",40,"Up",0.0424033411681874,0.366694506835949
"GOBP_SYNAPSE_MATURATION",34,"Down",0.0424435277028653,0.366694506835949
"GOBP_CELLULAR_RESPONSE_TO_SODIUM_ARSENITE",5,"Down",0.0424487498089749,0.366694506835949
"GOBP_ISOLEUCINE_METABOLIC_PROCESS",7,"Down",0.0424873412367824,0.366694506835949
"GOBP_RESPONSE_TO_CYTOKINE",920,"Up",0.0424943420252952,0.366694506835949
"GOBP_NEUROTRANSMITTER_RECEPTOR_INTERNALIZATION",34,"Down",0.042527883633045,0.366694506835949
"GOBP_REGULATION_OF_HETEROCHROMATIN_FORMATION",23,"Up",0.0426995882254303,0.367738030305299
"GOBP_CYSTEINE_CATABOLIC_PROCESS",4,"Down",0.0427456171978809,0.367738030305299
"GOBP_T_CELL_LINEAGE_COMMITMENT",36,"Up",0.0428288282098127,0.367953593187945
"GOBP_GLOMERULAR_MESANGIAL_CELL_DEVELOPMENT",5,"Down",0.0428674403109164,0.367953593187945
"GOBP_NEURON_NEURON_SYNAPTIC_TRANSMISSION",8,"Up",0.0429489539540375,0.367992742450858
"GOBP_REGULATION_OF_VASCULAR_ASSOCIATED_SMOOTH_MUSCLE_CONTRACTION",8,"Up",0.042996427050848,0.367992742450858
"GOBP_RESPONSE_TO_LEUKEMIA_INHIBITORY_FACTOR",98,"Up",0.0430359290953178,0.367992742450858
"GOBP_NEGATIVE_REGULATION_OF_MYOFIBROBLAST_DIFFERENTIATION",4,"Up",0.0430655543433615,0.367992742450858
"GOBP_POSITIVE_REGULATION_OF_SODIUM_ION_TRANSPORT",31,"Down",0.0432183372730501,0.36888378783563
"GOBP_CARDIAC_PACEMAKER_CELL_DIFFERENTIATION",11,"Down",0.0432720980587951,0.368928593875714
"GOBP_NEGATIVE_REGULATION_OF_LYMPHOCYTE_APOPTOTIC_PROCESS",36,"Up",0.0433656698778009,0.369312339776793
"GOBP_POSITIVE_REGULATION_OF_3_UTR_MEDIATED_MRNA_STABILIZATION",5,"Up",0.0435257054834043,0.370076559268679
"GOBP_FATTY_ACYL_COA_CATABOLIC_PROCESS",6,"Down",0.0435527311696868,0.370076559268679
"GOBP_INSULIN_LIKE_GROWTH_FACTOR_RECEPTOR_SIGNALING_PATHWAY",51,"Down",0.0436722251740909,0.370677759429644
"GOBP_REGULATION_OF_APOPTOTIC_PROCESS_IN_BONE_MARROW_CELL",4,"Up",0.0438491733734146,0.371764730774602
"GOBP_GLUCOCORTICOID_BIOSYNTHETIC_PROCESS",16,"Down",0.0440070527945885,0.372031337329896
"GOBP_CHORIONIC_TROPHOBLAST_CELL_DIFFERENTIATION",7,"Up",0.0440599634141655,0.372031337329896
"GOBP_ERK5_CASCADE",5,"Up",0.0440729117083808,0.372031337329896
"GOBP_POSITIVE_REGULATION_OF_MACROPHAGE_CHEMOTAXIS",19,"Up",0.0440762965068029,0.372031337329896
"GOBP_INTERLEUKIN_33_MEDIATED_SIGNALING_PATHWAY",8,"Up",0.0441513634141248,0.372032681638382
"GOBP_REGULATION_OF_INCLUSION_BODY_ASSEMBLY",17,"Down",0.0441742947428611,0.372032681638382
"GOBP_REGULATION_OF_CARDIOCYTE_DIFFERENTIATION",25,"Down",0.0442733619028432,0.372454554503454
"GOBP_AMINO_ACID_BETAINE_TRANSPORT",14,"Up",0.04435649493128,0.372741595527497
"GOBP_REGULATION_OF_ODONTOBLAST_DIFFERENTIATION",10,"Down",0.0445285772699427,0.373774646951341
"GOBP_NEGATIVE_REGULATION_OF_INTERLEUKIN_18_PRODUCTION",3,"Up",0.0446653344026274,0.37450922616536
"GOBP_REGULATION_OF_MIRNA_TRANSCRIPTION",76,"Down",0.0448093683319721,0.374967769415893
"GOBP_SMAD_PROTEIN_SIGNAL_TRANSDUCTION",80,"Down",0.044818632794089,0.374967769415893
"GOBP_NEGATIVE_REGULATION_OF_OSTEOCLAST_DIFFERENTIATION",33,"Up",0.0450619280838161,0.375907385215998
"GOBP_REGULATION_OF_PROTEIN_SUMOYLATION",24,"Down",0.0450810321940362,0.375907385215998
"GOBP_URETER_DEVELOPMENT",18,"Down",0.0451301146963478,0.375907385215998
"GOBP_GLUCOSE_IMPORT_IN_RESPONSE_TO_INSULIN_STIMULUS",6,"Down",0.0451667864455133,0.375907385215998
"GOBP_RESPIRATORY_BURST",40,"Up",0.0451780867965053,0.375907385215998
"GOBP_MEMBRANE_BIOGENESIS",65,"Down",0.0453972154901665,0.377158536697757
"GOBP_NEGATIVE_REGULATION_OF_NUCLEOTIDE_METABOLIC_PROCESS",27,"Down",0.04542764228996,0.377158536697757
"GOBP_LEUKOCYTE_TETHERING_OR_ROLLING",34,"Up",0.0455501232824492,0.377763018062188
"GOBP_PROTEIN_TARGETING_TO_LYSOSOME",33,"Up",0.045666014278414,0.378151635401834
"GOBP_NEGATIVE_REGULATION_OF_PINOCYTOSIS",5,"Down",0.0457002362215625,0.378151635401834
"GOBP_CELL_MIGRATION_INVOLVED_IN_METANEPHROS_DEVELOPMENT",5,"Down",0.0457657107592401,0.378151635401834
"GOBP_MONOCYTE_EXTRAVASATION",10,"Up",0.0458455378826413,0.378151635401834
"GOBP_ENTERIC_NERVOUS_SYSTEM_DEVELOPMENT",12,"Down",0.0458612373508516,0.378151635401834
"GOBP_RECOMBINATIONAL_REPAIR",191,"Up",0.0459326096042125,0.378151635401834
"GOBP_POSITIVE_REGULATION_OF_SMOOTH_MUSCLE_CELL_DIFFERENTIATION",16,"Down",0.0459450507707159,0.378151635401834
"GOBP_CONVERGENT_EXTENSION",15,"Down",0.0461273546922534,0.37924165668604
"GOBP_AMELOBLAST_DIFFERENTIATION",5,"Down",0.0462458896935974,0.379805605960916
"GOBP_NEGATIVE_REGULATION_OF_INTERLEUKIN_6_MEDIATED_SIGNALING_PATHWAY",1,"Up",0.0463534725848445,0.380278488681491
"GOBP_NEUROTRANSMITTER_RECEPTOR_TRANSPORT_POSTSYNAPTIC_ENDOSOME_TO_LYSOSOME",7,"Down",0.04648139154348,0.380917007207075
"GOBP_REGULATION_OF_LEUKOCYTE_TETHERING_OR_ROLLING",18,"Up",0.0465655870897128,0.381196221547111
"GOBP_RESCUE_OF_STALLED_RIBOSOME",30,"Up",0.0466941068143573,0.381534678363376
"GOBP_MRNA_METHYLGUANOSINE_CAP_DECAPPING",16,"Up",0.0467504579972401,0.381534678363376
"GOBP_ANDROGEN_METABOLIC_PROCESS",30,"Up",0.0467574385581415,0.381534678363376
"GOBP_CARDIAC_PACEMAKER_CELL_DEVELOPMENT",9,"Down",0.0469419712960955,0.382146345827024
"GOBP_REGULATION_OF_DNA_METHYLATION_DEPENDENT_HETEROCHROMATIN_FORMATION",17,"Up",0.0469888234960691,0.382146345827024
"GOBP_AUTOPHAGIC_CELL_DEATH",9,"Up",0.0469893267654706,0.382146345827024
"GOBP_POSITIVE_REGULATION_OF_VASCULAR_ENDOTHELIAL_GROWTH_FACTOR_PRODUCTION",30,"Up",0.0470333964094799,0.382146345827024
"GOBP_REGULATION_OF_TAU_PROTEIN_KINASE_ACTIVITY",4,"Up",0.0474324306372462,0.384977198501876
"GOBP_RESPONSE_TO_PROSTAGLANDIN_D",5,"Up",0.0475343307503426,0.385247042107033
"GOBP_LIPOPROTEIN_LOCALIZATION",21,"Up",0.0476518199217885,0.385247042107033
"GOBP_CELL_DIFFERENTIATION_INVOLVED_IN_EMBRYONIC_PLACENTA_DEVELOPMENT",24,"Up",0.0476971232001126,0.385247042107033
"GOBP_PROTEIN_UNFOLDING",5,"Down",0.0477104868406322,0.385247042107033
"GOBP_GLUTATHIONE_TRANSMEMBRANE_TRANSPORT",8,"Up",0.0477189630065517,0.385247042107033
"GOBP_NEGATIVE_REGULATION_OF_SMOOTH_MUSCLE_CELL_DIFFERENTIATION",17,"Down",0.0478007697776104,0.385498254675215
"GOBP_GLYCINE_BIOSYNTHETIC_PROCESS",5,"Down",0.0479412343409656,0.386221490638817
"GOBP_NEGATIVE_REGULATION_OF_WOUND_HEALING_SPREADING_OF_EPIDERMAL_CELLS",5,"Up",0.0479937707131601,0.386235583358288
"GOBP_ACTIN_FILAMENT_SEVERING",16,"Down",0.0481254939035564,0.386534320443673
"GOBP_CELLULAR_RESPONSE_TO_WATER_STIMULUS",6,"Down",0.048132544570698,0.386534320443673
"GOBP_GONADAL_MESODERM_DEVELOPMENT",8,"Down",0.0482138857531977,0.386779115140368
"GOBP_PEPTIDE_ANTIGEN_ASSEMBLY_WITH_MHC_PROTEIN_COMPLEX",21,"Up",0.0482985868106138,0.387050318961768
"GOBP_REGULATION_OF_ENDOPLASMIC_RETICULUM_TUBULAR_NETWORK_ORGANIZATION",6,"Up",0.0484274843947991,0.38742111643893
"GOBP_REGULATION_OF_T_CELL_MEDIATED_CYTOTOXICITY",51,"Up",0.0484467431602133,0.38742111643893
"GOBP_LIPID_PHOSPHORYLATION",11,"Up",0.0486248311606979,0.38763232511328
"GOBP_PROTEIN_POLYUBIQUITINATION",272,"Up",0.0486397733935449,0.38763232511328
"GOBP_POSITIVE_REGULATION_OF_CERAMIDE_BIOSYNTHETIC_PROCESS",7,"Down",0.0486948846401539,0.38763232511328
"GOBP_PYRIMIDINE_RIBONUCLEOTIDE_CATABOLIC_PROCESS",8,"Up",0.0487029330510287,0.38763232511328
"GOBP_NEUTROPHIL_MEDIATED_IMMUNITY",38,"Up",0.048728008258816,0.38763232511328
"GOBP_FATTY_ACID_ELONGATION",14,"Up",0.0489368950447104,0.388608200310831
"GOBP_NEURON_FATE_SPECIFICATION",35,"Down",0.0489528804599311,0.388608200310831
"GOBP_ERBB2_EGFR_SIGNALING_PATHWAY",8,"Down",0.0490603931168638,0.389055567939259
"GOBP_CYTOSOLIC_RIBOSOME_ASSEMBLY",9,"Up",0.0491413318101044,0.389223071944122
"GOBP_CHROMOSOME_SEGREGATION",426,"Up",0.0491838753633533,0.389223071944122
"GOBP_MAINTENANCE_OF_BLOOD_BRAIN_BARRIER",39,"Up",0.0494328148168986,0.390786441457915
"GOBP_POSITIVE_REGULATION_OF_MACROPHAGE_DIFFERENTIATION",15,"Up",0.0495277018432611,0.391129981846314
"GOBP_FRUCTOSE_1_6_BISPHOSPHATE_METABOLIC_PROCESS",9,"Down",0.0496699018232904,0.391846061583116
"GOBP_REGULATION_OF_DNA_DAMAGE_RESPONSE_SIGNAL_TRANSDUCTION_BY_P53_CLASS_MEDIATOR",37,"Up",0.0498178794042384,0.392432463297061
"GOBP_ALDEHYDE_BIOSYNTHETIC_PROCESS",18,"Down",0.049847437152526,0.392432463297061
"GOBP_REGULATION_OF_SERINE_TYPE_PEPTIDASE_ACTIVITY",7,"Up",0.0499264852477395,0.392648314693959
"NA",NA,NA,NA,NA
"NA.1",NA,NA,NA,NA
"NA.2",NA,NA,NA,NA
